{
"type": "FeatureCollection",
"name": "contours",
"crs": { "type": "name", "properties": { "name": "urn:ogc:def:crs:EPSG::32644" } },
"features": [
{ "type": "Feature", "properties": { "CONTOUR_ELEVATION": 20.530001, "CONTOUR_ELEVATION_1": null, "SHAPE_Length": 2811.4508718662933 }, "geometry": { "type": "MultiLineString", "coordinates": [ [ [ 399155.706399999558926, 1436949.947100000455976 ], [ 399148.573437949700747, 1436954.194387719966471 ], [ 399142.446061887778342, 1436958.093658378580585 ], [ 399137.205901232140604, 1436961.713689018972218 ], [ 399132.734585401252843, 1436965.123256683815271 ], [ 399128.913743812940083, 1436968.391138415317982 ], [ 399125.625005886016879, 1436971.586111255921423 ], [ 399122.750001038366463, 1436974.776952248066664 ], [ 399120.170358688454144, 1436978.032438433961943 ], [ 399117.767708254512399, 1436981.421346856746823 ], [ 399115.423679154773708, 1436985.012454558163881 ], [ 399113.019900807645172, 1436988.87453858088702 ], [ 399110.43800263130106, 1436993.076375967357308 ], [ 399107.55961404403206, 1436997.686743760248646 ], [ 399104.266364464187063, 1437002.774419001769274 ], [ 399100.43988330999855, 1437008.408178734127432 ], [ 399095.961799999698997, 1437014.6568 ], [ 399082.958724261610769, 1437034.315289207035676 ], [ 399071.48306371079525, 1437055.507315266411752 ], [ 399061.443704678211361, 1437077.782068776432425 ], [ 399052.749533494992647, 1437100.688740336569026 ], [ 399045.309436491923407, 1437123.776520544663072 ], [ 399039.032300000078976, 1437146.5945999994874 ], [ 399043.039746517140884, 1437257.147752126678824 ], [ 399074.869119986833539, 1437371.718679155223072 ], [ 399083.320299999788404, 1437483.075500000268221 ], [ 399058.22550031542778, 1437551.945885756984353 ], [ 399023.049570344563108, 1437619.43029139447026 ], [ 398997.954900000244379, 1437688.300699999555945 ], [ 398992.670596799987834, 1437729.2222023983486 ], [ 398991.65361661411589, 1437771.228926641400903 ], [ 398994.316059106960893, 1437813.940922178560868 ], [ 399000.070023942622356, 1437856.978238458745182 ], [ 399008.327610785549041, 1437899.960924931336194 ], [ 399018.500919299782254, 1437942.509031046181917 ], [ 399030.002049149712548, 1437984.2426062526647 ], [ 399042.24309999961406, 1438024.781700000166893 ], [ 399072.839161609939765, 1438104.816537498729303 ], [ 399111.704631241154857, 1438182.386452786391601 ], [ 399155.588510251720436, 1438257.851141680963337 ], [ 399201.239799999631941, 1438331.570299999788404 ], [ 399242.153814852877986, 1438396.942154493881389 ], [ 399284.620217972260434, 1438461.938439676305279 ], [ 399329.704873665352352, 1438524.901567612309009 ], [ 399378.473646238795482, 1438584.17395036527887 ], [ 399431.99239999987185, 1438638.097999999299645 ], [ 399461.562417599838227, 1438664.203980970662087 ], [ 399492.25955157255521, 1438689.733895811950788 ], [ 399524.001346745586488, 1438713.862480168696493 ], [ 399556.705347945564426, 1438735.76446968363598 ], [ 399590.289099999703467, 1438754.61460000090301 ], [ 399620.517925575142726, 1438768.529026000993326 ], [ 399652.348955289868172, 1438780.806957119144499 ], [ 399685.47999877948314, 1438791.373326764442027 ], [ 399719.608865680231247, 1438800.153068348066881 ], [ 399754.433365627890453, 1438807.071115279104561 ], [ 399789.651308258704375, 1438812.052400968968868 ], [ 399824.960503208450973, 1438815.021858826978132 ], [ 399860.058760113024618, 1438815.904422263614833 ], [ 399894.643888608552516, 1438814.625024689128622 ], [ 399928.413698330987245, 1438811.10859951376915 ], [ 399961.065998916281387, 1438805.280080147553235 ], [ 399992.298600000329316, 1438797.064400000497699 ], [ 400025.859734361176379, 1438784.804845689795911 ], [ 400060.537897040310781, 1438768.677571938605979 ], [ 400095.761793969664723, 1438749.133476582588628 ], [ 400130.960131081519648, 1438726.623457458568737 ], [ 400165.56161430827342, 1438701.598412402207032 ], [ 400198.994949581974652, 1438674.509239249397069 ], [ 400230.688842835079413, 1438645.806835836730897 ], [ 400260.071999999694526, 1438615.942099999636412 ] ] ] } },
{ "type": "Feature", "properties": { "CONTOUR_ELEVATION": 22.530001, "CONTOUR_ELEVATION_1": null, "SHAPE_Length": 5828.2539187287593 }, "geometry": { "type": "MultiLineString", "coordinates": [ [ [ 398671.701100000180304, 1436794.332399999722838 ], [ 398665.815354522084817, 1436792.430180217372254 ], [ 398660.278950155538041, 1436790.759339644340798 ], [ 398655.068588101014029, 1436789.313666691537946 ], [ 398650.160969558986835, 1436788.086949771968648 ], [ 398645.532795730046928, 1436787.072977297706529 ], [ 398641.160767814319115, 1436786.265537680126727 ], [ 398637.021587012684904, 1436785.65841933269985 ], [ 398633.091954525094479, 1436785.245410665869713 ], [ 398629.348571552429348, 1436785.020300093339756 ], [ 398625.768139294814318, 1436784.976876025786623 ], [ 398622.327358952723444, 1436785.108926875982434 ], [ 398619.002931726980023, 1436785.410241056466475 ], [ 398615.771558817476034, 1436785.874606978846714 ], [ 398612.609941425034776, 1436786.495813055196777 ], [ 398609.49478074995568, 1436787.267647697823122 ], [ 398606.402777992771007, 1436788.183899318799376 ], [ 398603.310634353780188, 1436789.238356330199167 ], [ 398600.195051033573691, 1436790.424807144096121 ], [ 398597.032729232567362, 1436791.737040172796696 ], [ 398593.800370151177049, 1436793.168843828141689 ], [ 398590.474674989818595, 1436794.714006522204727 ], [ 398587.032344948966056, 1436796.366316667757928 ], [ 398583.450081229093485, 1436798.119562675943598 ], [ 398579.704585030616727, 1436799.967532959766686 ], [ 398575.772557553951629, 1436801.904015930369496 ], [ 398571.630699999630451, 1436803.922800000756979 ], [ 398560.479974444606341, 1436810.354870401788503 ], [ 398549.805204475589562, 1436818.45583688467741 ], [ 398539.618157103075646, 1436827.952778110047802 ], [ 398529.930599337792955, 1436838.572772736661136 ], [ 398520.7542981908191, 1436850.042899425607175 ], [ 398512.101020672707818, 1436862.090236836113036 ], [ 398503.982533794362098, 1436874.44186362856999 ], [ 398496.410604566452093, 1436886.82485846336931 ], [ 398489.396999999880791, 1436898.966299999505281 ], [ 398473.609118376742117, 1436943.510576536180452 ], [ 398463.962064115272369, 1436991.548900146968663 ], [ 398448.609299999661744, 1437035.965099999681115 ], [ 398404.558480346342549, 1437084.139483536360785 ], [ 398349.250503360060975, 1437125.167564611649141 ], [ 398304.596199999563396, 1437173.343800000846386 ], [ 398291.629443909972906, 1437200.590908602112904 ], [ 398281.327433718077373, 1437229.696820021374151 ], [ 398272.44385666702874, 1437259.612671429757029 ], [ 398263.732400000095367, 1437289.289599999785423 ], [ 398240.799826024507638, 1437581.983362906845286 ], [ 398271.69280156493187, 1437884.816998486872762 ], [ 398246.345999999903142, 1438173.608899999409914 ], [ 398230.894907480163965, 1438220.815999413374811 ], [ 398214.758203937206417, 1438269.009224772686139 ], [ 398197.376068814017344, 1438317.354422117350623 ], [ 398178.188681553700007, 1438365.017437486443669 ], [ 398156.636221599124838, 1438411.164116919972003 ], [ 398132.158868393336888, 1438454.960306457011029 ], [ 398104.196801379323006, 1438495.571852137101814 ], [ 398072.190200000070035, 1438532.164599999785423 ], [ 398032.022152063727845, 1438564.577208122704178 ], [ 397988.408864673343487, 1438594.079369676066563 ], [ 397948.675499999895692, 1438627.3629 ], [ 397932.794916222861502, 1438644.721811494324356 ], [ 397917.297769422642887, 1438662.952808757545426 ], [ 397902.490345597267151, 1438681.980603744275868 ], [ 397888.678930744645186, 1438701.72990840813145 ], [ 397876.169810862164013, 1438722.125434702727944 ], [ 397865.269271947967354, 1438743.091894581913948 ], [ 397856.283599999733269, 1438764.553999999538064 ], [ 397851.708061943529174, 1438777.297265849541873 ], [ 397847.127469042141456, 1438790.720225039171055 ], [ 397842.726734841708094, 1438804.640402065590024 ], [ 397838.690772888134234, 1438818.875321425264701 ], [ 397835.204496727499645, 1438833.242507614661008 ], [ 397832.452819906175137, 1438847.559485130943358 ], [ 397830.620655970007647, 1438861.643778470577672 ], [ 397829.892918465309776, 1438875.312912130961195 ], [ 397830.454520937870257, 1438888.384410607628524 ], [ 397832.490376934059896, 1438900.675798398442566 ], [ 397836.185399999842048, 1438912.004599999636412 ], [ 397839.929898721922655, 1438919.705197016242892 ], [ 397844.579940542695113, 1438927.412631960585713 ], [ 397850.049546329886653, 1438935.059325409587473 ], [ 397856.25273695163196, 1438942.577697942499071 ], [ 397863.103533275658265, 1438949.900170136010274 ], [ 397870.515956170042045, 1438956.959162569371983 ], [ 397878.404026502510533, 1438963.687095819739625 ], [ 397886.681765140965581, 1438970.016390465199947 ], [ 397895.26319295342546, 1438975.8794670838397 ], [ 397904.062330807559192, 1438981.208746253047138 ], [ 397912.993199571501464, 1438985.936648551840335 ], [ 397921.969820112979505, 1438989.995594556909055 ], [ 397930.906213299895171, 1438993.318004847271368 ], [ 397939.716400000266731, 1438995.836300000548363 ], [ 397949.51705570082413, 1438997.719971974147484 ], [ 397959.752406310872175, 1438998.841748635750264 ], [ 397970.265886601817328, 1438999.274398492882028 ], [ 397980.90093134494964, 1438999.090690051903948 ], [ 397991.500975311500952, 1438998.363391818478703 ], [ 398001.909453272819519, 1438997.165272298967466 ], [ 398011.969800000078976, 1438995.5691 ], [ 398030.414296475646552, 1438990.693650717381388 ], [ 398048.257570825226139, 1438983.165530621539801 ], [ 398065.555911401170306, 1438973.494896444957703 ], [ 398082.365606555365957, 1438962.191904920618981 ], [ 398098.742944640223868, 1438949.766712781274691 ], [ 398114.744214007921983, 1438936.72947675967589 ], [ 398130.425703010405414, 1438923.590353588340804 ], [ 398145.843700000084937, 1438910.85950000025332 ], [ 398183.0460415307316, 1438871.210058299126104 ], [ 398215.897633082931861, 1438825.144272932084277 ], [ 398249.703508093603887, 1438782.327651098836213 ], [ 398289.768699999898672, 1438752.425699999555945 ], [ 398300.014159490121529, 1438748.007148596225306 ], [ 398310.928189763333648, 1438743.691601352067664 ], [ 398322.406507523381151, 1438739.563210630090907 ], [ 398334.344829474284779, 1438735.706128793535754 ], [ 398346.638872319890652, 1438732.204508205410093 ], [ 398359.184352764219511, 1438729.142501229187474 ], [ 398371.876987511059269, 1438726.604260227410123 ], [ 398384.612493264547084, 1438724.67393756378442 ], [ 398397.286586728412658, 1438723.435685601551086 ], [ 398409.794984606851358, 1438722.973656703252345 ], [ 398422.033403603476472, 1438723.372003232361749 ], [ 398433.897560422425158, 1438724.714877552352846 ], [ 398445.283171767601743, 1438727.086432025767863 ], [ 398456.085954342968762, 1438730.57081901608035 ], [ 398466.201624852314126, 1438735.252190886763856 ], [ 398475.525899999774992, 1438741.214700000360608 ], [ 398483.744495766353793, 1438748.103220820892602 ], [ 398491.660086216288619, 1438755.963987410534173 ], [ 398499.279133557982277, 1438764.316660295240581 ], [ 398506.608099999837577, 1438772.6809 ], [ 398544.394992643443402, 1438875.562256851932034 ], [ 398552.597000563051552, 1438995.823775587137789 ], [ 398590.383500000461936, 1439098.7051 ], [ 398597.698413265054114, 1439107.028865043772385 ], [ 398605.294128112611361, 1439115.314035621006042 ], [ 398613.204953904030845, 1439123.161313387565315 ], [ 398621.465200000442564, 1439130.171399999409914 ], [ 398672.058473907993175, 1439140.931418380467221 ], [ 398730.29587747703772, 1439135.767110611777753 ], [ 398776.370099999941885, 1439150.656199999153614 ], [ 398781.124721799162216, 1439156.237236655550078 ], [ 398785.736336758302059, 1439162.327898909337819 ], [ 398790.046590818092227, 1439168.778482835972682 ], [ 398793.897129918506835, 1439175.439284507883713 ], [ 398797.129599999636412, 1439182.160599999129772 ], [ 398799.708399819384795, 1439189.130396160762757 ], [ 398801.676697941729799, 1439196.470208124723285 ], [ 398803.067947671748698, 1439204.102429668419063 ], [ 398803.915602314402349, 1439211.94945456716232 ], [ 398804.25311517494265, 1439219.933676596730947 ], [ 398804.113939558505081, 1439227.977489534299821 ], [ 398803.5315287700505, 1439236.00328715518117 ], [ 398802.539336114889011, 1439243.933463236317039 ], [ 398801.170814898097888, 1439251.690411553252488 ], [ 398799.459418424754404, 1439259.196525881998241 ], [ 398797.4386, 1439266.374199999496341 ], [ 398785.705264888005331, 1439288.072947477223352 ], [ 398769.617460509878583, 1439308.444576243404299 ], [ 398756.38329999987036, 1439329.685900000855327 ], [ 398750.123893297626637, 1439348.95179835264571 ], [ 398746.665624178247526, 1439369.276706063887104 ], [ 398745.513167664874345, 1439390.386477619176731 ], [ 398746.171198780764826, 1439412.006967502413318 ], [ 398748.144392549060285, 1439433.864030197728425 ], [ 398750.93742399290204, 1439455.683520189486444 ], [ 398754.054968135431409, 1439477.191291962051764 ], [ 398757.001699999906123, 1439498.113199999555945 ], [ 398787.288706073595677, 1439597.749680335633457 ], [ 398834.034558033046778, 1439694.144478966481984 ], [ 398871.621399999596179, 1439792.444299999624491 ], [ 398877.269369250163436, 1439962.59381882683374 ], [ 398859.590367995609995, 1440137.595274882623926 ], [ 398883.7966, 1440297.688300000503659 ], [ 398900.009271948074456, 1440330.311586256837472 ], [ 398918.632030578912236, 1440362.726594799896702 ], [ 398939.421783778991085, 1440394.532677864423022 ], [ 398962.135439434903674, 1440425.329187683295459 ], [ 398986.529905432660598, 1440454.715476489625871 ], [ 399012.362089658854529, 1440482.29089651722461 ], [ 399039.388899999670684, 1440507.654799999669194 ], [ 399088.339772175531834, 1440539.271548409946263 ], [ 399140.955353831523098, 1440566.84099064511247 ], [ 399184.234000000171363, 1440601.866100000217557 ], [ 399208.053346597298514, 1440663.54116929252632 ], [ 399219.738114252861124, 1440734.90583234350197 ], [ 399246.854600000195205, 1440791.120200000703335 ], [ 399253.856521944573615, 1440797.115459383931011 ], [ 399261.103998572565615, 1440802.500467847799882 ], [ 399268.619046138308477, 1440807.3151405074168 ], [ 399276.423680896521546, 1440811.59939248021692 ], [ 399284.539919101109263, 1440815.393138882005587 ], [ 399292.989777006674558, 1440818.736294829286635 ], [ 399301.79527086741291, 1440821.668775438563898 ], [ 399310.978416937636212, 1440824.230495825875551 ], [ 399320.561231471598148, 1440826.461371107492596 ], [ 399330.565730723727029, 1440828.401316399220377 ], [ 399341.013930948218331, 1440830.090246818494052 ], [ 399351.927848399500363, 1440831.568077480886132 ], [ 399363.329499331885017, 1440832.874723502667621 ], [ 399375.240899999625981, 1440834.050100000575185 ], [ 399376.308293092064559, 1440828.394195057218894 ], [ 399377.376299999654293, 1440822.737800000235438 ] ] ] } },
{ "type": "Feature", "properties": { "CONTOUR_ELEVATION": 24.030001, "CONTOUR_ELEVATION_1": null, "SHAPE_Length": 8185.2330944418536 }, "geometry": { "type": "MultiLineString", "coordinates": [ [ [ 397121.519600000232458, 1435721.392100000753999 ], [ 397099.85318415769143, 1435772.159184134332463 ], [ 397081.187342896708287, 1435823.395042196381837 ], [ 397065.501153689692728, 1435875.014798418153077 ], [ 397052.773694009170868, 1435926.933577029965818 ], [ 397042.984041327494197, 1435979.066502263303846 ], [ 397036.111273117247038, 1436031.328698348952457 ], [ 397032.134466850664467, 1436083.635289517464116 ], [ 397031.032700000330806, 1436135.901399999856949 ], [ 397032.254439250857104, 1436181.63051276979968 ], [ 397035.693032039678656, 1436227.521197650581598 ], [ 397041.865500000305474, 1436272.710400000214577 ], [ 397048.16603064967785, 1436306.610629602335393 ], [ 397055.586785197083373, 1436341.021661103935912 ], [ 397064.310746293107513, 1436375.554442158667371 ], [ 397074.520896588976029, 1436409.81992042157799 ], [ 397086.400218735216185, 1436443.429043546551839 ], [ 397100.131695382646285, 1436475.992759187705815 ], [ 397115.898309182026424, 1436507.122014999156818 ], [ 397133.88304278429132, 1436536.427758635720238 ], [ 397154.268878840201069, 1436563.520937750814483 ], [ 397177.238800000399351, 1436588.012499999254942 ], [ 397194.354353770031594, 1436602.157118377275765 ], [ 397212.38915544282645, 1436615.579894165508449 ], [ 397229.009600000455976, 1436629.927400000393391 ], [ 397263.211352528480347, 1436695.5976318763569 ], [ 397273.442543943878263, 1436776.796502263052389 ], [ 397279.805863387417048, 1436860.812396518187597 ], [ 397302.404000000096858, 1436934.933700000867248 ], [ 397373.373568233335391, 1437006.839208307676017 ], [ 397460.358944129664451, 1437069.241026706062257 ], [ 397519.96169999986887, 1437144.663100000470877 ], [ 397523.660122971807141, 1437155.563637958839536 ], [ 397527.366510054212995, 1437167.311946608126163 ], [ 397530.993173995579127, 1437179.75320739345625 ], [ 397534.452427544514649, 1437192.732601761817932 ], [ 397537.656583449454047, 1437206.09531115856953 ], [ 397540.517954459122848, 1437219.686517029767856 ], [ 397542.948853322130162, 1437233.351400822401047 ], [ 397544.86159278685227, 1437246.935143981827423 ], [ 397546.168485602131113, 1437260.282927954336628 ], [ 397546.781844516284764, 1437273.239934185985476 ], [ 397546.613982278038748, 1437285.651344122597948 ], [ 397545.57721163588576, 1437297.362339210696518 ], [ 397543.583845338434912, 1437308.218100896570832 ], [ 397540.546196134353522, 1437318.063810625579208 ], [ 397536.37657677201787, 1437326.744649844476953 ], [ 397530.987300000153482, 1437334.105799999088049 ], [ 397490.170359361392912, 1437348.368067367235199 ], [ 397434.288025130867027, 1437350.989577136933804 ], [ 397386.588899999856949, 1437366.222500000149012 ], [ 397380.104331412934698, 1437371.862630486488342 ], [ 397373.645524586376268, 1437378.061746249906719 ], [ 397367.315377075399738, 1437384.755874437745661 ], [ 397361.216786436038092, 1437391.88104219827801 ], [ 397355.45265022321837, 1437399.373276676982641 ], [ 397350.125865992566105, 1437407.168605021899566 ], [ 397345.339331299357582, 1437415.203054379206151 ], [ 397341.195943699218333, 1437423.412651896709576 ], [ 397337.798600747599266, 1437431.73342472105287 ], [ 397335.250199999660254, 1437440.101399999111891 ], [ 397333.62700859666802, 1437447.626906920224428 ], [ 397332.419888826378155, 1437455.520572356879711 ], [ 397331.656882215873338, 1437463.651108919875696 ], [ 397331.366030292003416, 1437471.887229219544679 ], [ 397331.575374581618235, 1437480.097645866917446 ], [ 397332.31295661162585, 1437488.151071472326294 ], [ 397333.60681790887611, 1437495.916218646802008 ], [ 397335.485000000335276, 1437503.261800000444055 ], [ 397349.701374164549634, 1437525.39625027985312 ], [ 397370.395261997997295, 1437545.111743702087551 ], [ 397387.332100000232458, 1437566.2303 ], [ 397393.355746608460322, 1437580.956566468812525 ], [ 397397.299758288951125, 1437596.629985767649487 ], [ 397399.447243422269821, 1437613.071750045055524 ], [ 397400.08131038909778, 1437630.103051452431828 ], [ 397399.485067569825333, 1437647.545082139084116 ], [ 397397.941623345017433, 1437665.219034254550934 ], [ 397395.734086095006205, 1437682.946099948137999 ], [ 397393.145564200473018, 1437700.547471370780841 ], [ 397390.459166041866411, 1437717.844340671552345 ], [ 397387.957999999634922, 1437734.6579 ], [ 397383.599408136622515, 1437753.769538165070117 ], [ 397376.599099039100111, 1437773.326178679941222 ], [ 397368.173056947707664, 1437793.009509560652077 ], [ 397359.5372661028523, 1437812.501218822551891 ], [ 397351.90771074523218, 1437831.482994481921196 ], [ 397346.500375115254428, 1437849.63652455387637 ], [ 397344.531243453442585, 1437866.643497054465115 ], [ 397347.216300000436604, 1437882.185599999502301 ], [ 397404.641885050339624, 1437922.94783977419138 ], [ 397461.074900000356138, 1437965.977399999275804 ], [ 397463.26998820429435, 1437976.385342260356992 ], [ 397463.953563722840045, 1437987.65905393846333 ], [ 397463.389757798053324, 1437999.571281786775216 ], [ 397461.842701672227122, 1438011.894772560568526 ], [ 397459.576526587305125, 1438024.402273014420643 ], [ 397456.855363785638474, 1438036.86652990244329 ], [ 397453.943344509229064, 1438049.060289979912341 ], [ 397451.104600000195205, 1438060.756300000473857 ], [ 397445.557190812891349, 1438081.344014450442046 ], [ 397438.726937134750187, 1438101.979750621365383 ], [ 397430.659492350998335, 1438122.44630360766314 ], [ 397421.400509846687783, 1438142.52646850515157 ], [ 397410.995643007103354, 1438162.003040409414098 ], [ 397399.490545217413455, 1438180.658814415335655 ], [ 397386.930869863019325, 1438198.276585618965328 ], [ 397373.362270328856539, 1438214.639149115653709 ], [ 397358.830400000326335, 1438229.52930000051856 ], [ 397340.589482929673977, 1438244.801721551222727 ], [ 397320.568374671624042, 1438258.566027557011694 ], [ 397299.369014949304983, 1438271.048572788480669 ], [ 397277.593343484448269, 1438282.475712012965232 ], [ 397255.843299999833107, 1438293.073799999430776 ], [ 397172.388155679916963, 1438317.183211720781401 ], [ 397083.945448712969664, 1438328.28258161409758 ], [ 396997.9847999997437, 1438346.669299999251962 ], [ 396954.693779119290411, 1438362.709543736418709 ], [ 396911.655001029663254, 1438380.620834968285635 ], [ 396869.303594901983161, 1438400.550149953225628 ], [ 396828.074689907196444, 1438422.644464948214591 ], [ 396788.403415216191206, 1438447.050756211392581 ], [ 396750.724899999797344, 1438473.915999999269843 ], [ 396740.237947440124117, 1438481.556312005035579 ], [ 396728.982788265682757, 1438489.140729170525447 ], [ 396717.291187579568941, 1438496.755056854570284 ], [ 396705.494910484238062, 1438504.485100414836779 ], [ 396693.925722082611173, 1438512.41666521015577 ], [ 396682.915387477667537, 1438520.635556599590927 ], [ 396672.795671772037167, 1438529.227579940808937 ], [ 396663.898340068757534, 1438538.2785405931063 ], [ 396656.55515747051686, 1438547.874243914615363 ], [ 396651.097889080061577, 1438558.100495263701305 ], [ 396647.858300000429153, 1438569.043099999427795 ], [ 396646.900230634608306, 1438577.622337527107447 ], [ 396646.857984672940802, 1438586.833835619268939 ], [ 396647.599769251362886, 1438596.451012203702703 ], [ 396648.993791505694389, 1438606.247285208897665 ], [ 396650.908258571871556, 1438615.996072562877089 ], [ 396653.21137758565601, 1438625.470792193897069 ], [ 396655.771355682867579, 1438634.444862030213699 ], [ 396658.456399999558926, 1438642.691700000315905 ], [ 396827.780889411340468, 1438668.704515145393088 ], [ 396988.959400000050664, 1438694.090399999171495 ], [ 396991.125176043366082, 1438706.563783175777644 ], [ 396992.247532702574972, 1438720.310478826519102 ], [ 396992.475021702703089, 1438734.844182643340901 ], [ 396991.956194768834393, 1438749.678590317023918 ], [ 396990.839603626169264, 1438764.327397539280355 ], [ 396989.27379999961704, 1438778.304300000891089 ], [ 396948.603180057078134, 1438859.000282821711153 ], [ 396881.444139393570367, 1438931.471891682595015 ], [ 396835.309500000439584, 1439010.471300000324845 ], [ 396832.161368011729792, 1439024.884350137086585 ], [ 396829.126603026408702, 1439040.142461727373302 ], [ 396826.34595305158291, 1439056.019380872370675 ], [ 396823.960166094999295, 1439072.288853674428537 ], [ 396822.109990164055489, 1439088.724626235663891 ], [ 396820.936173266614787, 1439105.100444658659399 ], [ 396820.579463409725577, 1439121.190055044833571 ], [ 396821.180608601134736, 1439136.76720349653624 ], [ 396822.880356848356314, 1439151.605636115884408 ], [ 396825.819456158904359, 1439165.479099004995078 ], [ 396830.138654540176503, 1439178.16133826598525 ], [ 396835.978699999861419, 1439189.426100000739098 ], [ 396854.309514897176996, 1439207.41788526927121 ], [ 396880.102963634941261, 1439219.912098615663126 ], [ 396910.534081363468431, 1439229.287883400917053 ], [ 396942.777903233596589, 1439237.924382986035198 ], [ 396974.00946439569816, 1439248.200740732019767 ], [ 397001.403800000436604, 1439262.496099999174476 ], [ 397029.689659396943171, 1439285.906904585193843 ], [ 397056.475366193684749, 1439311.74791695503518 ], [ 397084.253499999642372, 1439335.875099999830127 ], [ 397199.481496317719575, 1439390.318725755438209 ], [ 397326.952630743267946, 1439423.620098682120442 ], [ 397446.025600000284612, 1439471.376900000497699 ], [ 397502.349216727889143, 1439510.19042234052904 ], [ 397556.000063137267716, 1439554.111404932336882 ], [ 397607.379381183127407, 1439601.688596355263144 ], [ 397656.88841281918576, 1439651.470745184924453 ], [ 397704.928399999625981, 1439702.0066 ], [ 397766.964800739719067, 1439779.68746875715442 ], [ 397825.486724825459532, 1439860.851750575238839 ], [ 397891.575899999588728, 1439932.905999999493361 ], [ 397972.366096792684402, 1439984.031278470065445 ], [ 398060.38641907699639, 1440026.452536443481222 ], [ 398139.838000000454485, 1440079.363700000569224 ], [ 398161.253946554206777, 1440099.650640505598858 ], [ 398182.341872224118561, 1440120.936769979540259 ], [ 398202.62508870678721, 1440143.208014544798061 ], [ 398221.626907699159347, 1440166.450300322147086 ], [ 398238.870640897832345, 1440190.649553433526307 ], [ 398253.879599999636412, 1440215.7917 ], [ 398275.220250028884038, 1440276.624132455792278 ], [ 398288.097918579936959, 1440342.063162329839543 ], [ 398306.186099999584258, 1440405.082299999892712 ], [ 398350.046607138996478, 1440475.867174542509019 ], [ 398402.402093591634184, 1440542.706787862582132 ], [ 398441.139899999834597, 1440615.121899999678135 ], [ 398449.472405811306089, 1440653.151214294135571 ], [ 398454.813357673236169, 1440692.405358842341229 ], [ 398462.20920000039041, 1440730.839700000360608 ], [ 398477.365435831423383, 1440777.54961336706765 ], [ 398496.841939057107083, 1440823.0912827369757 ], [ 398520.021686932770535, 1440867.377681770594791 ], [ 398546.287656713742763, 1440910.321784128202125 ], [ 398575.022825655527413, 1440951.836563469376415 ], [ 398605.610171013628133, 1440991.834993455093354 ], [ 398637.432670043315738, 1441030.230047744931653 ], [ 398669.873300000093877, 1441066.934699999168515 ], [ 398713.351140914834104, 1441112.221959428163245 ], [ 398759.864422366896179, 1441155.531271782703698 ], [ 398809.101301678805612, 1441196.284329540329054 ], [ 398860.74993617326254, 1441233.902825177647173 ], [ 398914.498483172792476, 1441267.808451172430068 ], [ 398970.035099999979138, 1441297.422900000587106 ], [ 398987.759122902469244, 1441306.342096298933029 ], [ 399005.652299376321025, 1441315.256849878467619 ], [ 399023.827626161975786, 1441323.0834285186138 ], [ 399042.39809999987483, 1441328.738099999725819 ], [ 399051.472178621974308, 1441330.671136284712702 ], [ 399060.851130246242974, 1441332.4273569250945 ], [ 399070.438530111277942, 1441333.909144762903452 ], [ 399080.137953456956893, 1441335.018882642965764 ], [ 399089.852975521702319, 1441335.658953407313675 ], [ 399099.487171544751618, 1441335.731739898910746 ], [ 399108.944116764934734, 1441335.13962496095337 ], [ 399118.127386421663687, 1441333.784991436870769 ], [ 399126.940555753710214, 1441331.570222168928012 ], [ 399135.287200000137091, 1441328.397700000554323 ], [ 399145.306337700749282, 1441323.841995344962925 ], [ 399160.986288290412631, 1441316.612676850985736 ], [ 399180.001873638713732, 1441307.595270895166323 ], [ 399200.027915614831727, 1441297.675303855910897 ], [ 399218.739236087654717, 1441287.738302108366042 ], [ 399233.810656926361844, 1441278.66979203093797 ], [ 399242.917000000365078, 1441271.3553 ] ] ] } },
{ "type": "Feature", "properties": { "CONTOUR_ELEVATION": 23.530001, "CONTOUR_ELEVATION_1": null, "SHAPE_Length": 6794.8667644280567 }, "geometry": { "type": "MultiLineString", "coordinates": [ [ [ 398358.078999999910593, 1435882.0121 ], [ 398320.482675180770457, 1435890.292733344016597 ], [ 398284.487252101942431, 1435899.981496150605381 ], [ 398250.042767004459165, 1435911.054177445359528 ], [ 398217.099256128829438, 1435923.486566252307966 ], [ 398185.606755715911277, 1435937.254451596178114 ], [ 398155.515302006329875, 1435952.333622501464561 ], [ 398126.774931241176091, 1435968.699867993593216 ], [ 398099.335679660784081, 1435986.328977096593007 ], [ 398073.1475835062447, 1436005.196738835657015 ], [ 398048.160679017950315, 1436025.278942234581336 ], [ 398024.325002436933573, 1436046.551376319024712 ], [ 398001.590590003877878, 1436068.989830113016069 ], [ 397979.907477959408425, 1436092.570092641282827 ], [ 397959.225702544441447, 1436117.267952928785235 ], [ 397939.495299999602139, 1436143.0592 ], [ 397920.46454117068788, 1436170.110368570545688 ], [ 397902.090559781587217, 1436198.707660336280242 ], [ 397884.977725401171483, 1436228.54099232959561 ], [ 397869.730407598312013, 1436259.300281582865864 ], [ 397856.952975941763725, 1436290.675445128930733 ], [ 397847.249800000339746, 1436322.3564 ], [ 397849.431502100429498, 1436435.312130294274539 ], [ 397848.066899999976158, 1436543.417199999094009 ], [ 397719.120264951372519, 1436648.230146764777601 ], [ 397590.776200000196695, 1436754.906600000336766 ], [ 397584.607974814949557, 1436776.92277428554371 ], [ 397580.174993312743027, 1436800.465431895339862 ], [ 397577.392657178163063, 1436825.028753692284226 ], [ 397576.17636809538817, 1436850.10692053870298 ], [ 397576.441527748596855, 1436875.194113297620788 ], [ 397578.103537822025828, 1436899.784512830898166 ], [ 397581.077800000086427, 1436923.372300000861287 ], [ 397615.896716523740906, 1437001.773346113041043 ], [ 397669.674173477164004, 1437075.808304621372372 ], [ 397705.807799999602139, 1437154.5011 ], [ 397709.296103489759844, 1437178.402157985605299 ], [ 397711.35462899383856, 1437202.963383913505822 ], [ 397712.036508954421151, 1437227.888034430565313 ], [ 397711.394875813974068, 1437252.87936618574895 ], [ 397709.482862015021965, 1437277.640635826159269 ], [ 397706.353600000031292, 1437301.875099999830127 ], [ 397689.825993355654646, 1437358.839221556438133 ], [ 397665.728031235921662, 1437414.432397555094212 ], [ 397645.042500000447035, 1437470.5320999994874 ], [ 397641.409347132255789, 1437692.079957138979807 ], [ 397685.829001421108842, 1437920.760480829048902 ], [ 397688.828999999910593, 1438144.089199999347329 ], [ 397675.258325584814884, 1438200.491927163908258 ], [ 397658.993972765863873, 1438256.890887981746346 ], [ 397639.788208563928492, 1438312.221279807854444 ], [ 397617.393299999646842, 1438365.418299999088049 ], [ 397517.765004629618488, 1438492.412144083064049 ], [ 397394.186241752584465, 1438605.694930026307702 ], [ 397309.099600000306964, 1438735.004499999806285 ], [ 397300.599347111361567, 1438764.604709095321596 ], [ 397292.939809096918907, 1438795.521764877252281 ], [ 397286.438255486951675, 1438827.404363029403612 ], [ 397281.411955811374355, 1438859.90119923488237 ], [ 397278.178179600334261, 1438892.660969177726656 ], [ 397277.05419638362946, 1438925.332368542207405 ], [ 397278.357275691349059, 1438957.564093011897057 ], [ 397282.40468705346575, 1438989.004838269902393 ], [ 397289.513700000010431, 1439019.303300000727177 ], [ 397295.788807076343801, 1439038.827524585649371 ], [ 397303.132806184177753, 1439058.393048844998702 ], [ 397311.503281754092313, 1439077.655150812584907 ], [ 397320.857818215969019, 1439096.269108520355076 ], [ 397331.154000000096858, 1439113.8902000002563 ], [ 397365.877553129277658, 1439153.031047699041665 ], [ 397409.420422585913911, 1439185.112667680019513 ], [ 397455.24475574947428, 1439215.641403821762651 ], [ 397496.812699999660254, 1439250.12360000051558 ], [ 397539.10292675870005, 1439302.154481259407476 ], [ 397578.187081583251711, 1439357.454548917943612 ], [ 397621.260800000280142, 1439407.564500000327826 ], [ 397735.996068801148795, 1439478.27045281836763 ], [ 397867.868192569585517, 1439526.683117028325796 ], [ 397993.506299999542534, 1439585.1418999992311 ], [ 398060.480077082058415, 1439630.654692707816139 ], [ 398125.825362362782471, 1439679.714373448863626 ], [ 398188.745889102458023, 1439732.220077836420387 ], [ 398248.445390561420936, 1439788.070941481739283 ], [ 398304.127600000239909, 1439847.16609999909997 ], [ 398337.859038879279979, 1439885.737668737769127 ], [ 398371.295528225717135, 1439925.413775825407356 ], [ 398403.358718525152653, 1439966.394266879186034 ], [ 398432.970260263595264, 1440008.878987515112385 ], [ 398459.051803926704451, 1440053.067783349659294 ], [ 398480.525000000372529, 1440099.160499999299645 ], [ 398495.628808694484178, 1440151.23369630612433 ], [ 398506.798668603121769, 1440205.205972638912499 ], [ 398522.392300000414252, 1440256.909299999475479 ], [ 398581.14101638115244, 1440339.813334476435557 ], [ 398655.547088712919503, 1440414.68668038956821 ], [ 398709.067800000309944, 1440498.340199999511242 ], [ 398718.69317445368506, 1440560.243901520268992 ], [ 398720.287706103234086, 1440625.523746941005811 ], [ 398730.406899999827147, 1440687.745200000703335 ], [ 398745.462054777017329, 1440723.571545708458871 ], [ 398764.798609789169859, 1440758.029597851680592 ], [ 398786.990697412926238, 1440791.379297141684219 ], [ 398810.61245002434589, 1440823.88058428815566 ], [ 398834.237999999895692, 1440855.793400000780821 ], [ 398857.721226499241311, 1440888.395139100495726 ], [ 398881.70779414154822, 1440921.718923306791112 ], [ 398906.476887498283759, 1440954.867633409099653 ], [ 398932.307691140973475, 1440986.944150197319686 ], [ 398959.479389641026501, 1441017.051354460651055 ], [ 398988.271167569851968, 1441044.292126988992095 ], [ 399018.962209499033634, 1441067.769348572008312 ], [ 399051.831699999980628, 1441086.585899999365211 ], [ 399079.057684309605975, 1441097.41508029634133 ], [ 399110.235913618060295, 1441106.340144799323753 ], [ 399144.150281207228545, 1441113.448715497273952 ], [ 399179.584680358646438, 1441118.828414378687739 ], [ 399215.323004353558645, 1441122.566863430663943 ], [ 399250.149146473500878, 1441124.751684641465545 ], [ 399282.847000000067055, 1441125.470499999821186 ] ] ] } },
{ "type": "Feature", "properties": { "CONTOUR_ELEVATION": 23.030001, "CONTOUR_ELEVATION_1": null, "SHAPE_Length": 7194.9670183270073 }, "geometry": { "type": "MultiLineString", "coordinates": [ [ [ 398517.325100000016391, 1436075.825099999085069 ], [ 398484.637000067159534, 1436074.451873987913132 ], [ 398451.340988431416918, 1436073.443399040726945 ], [ 398417.809791141946334, 1436073.153920675162226 ], [ 398384.416134249302559, 1436073.937684412114322 ], [ 398351.532743802643381, 1436076.14893576875329 ], [ 398319.532345851766877, 1436080.14192026364617 ], [ 398288.787666446296498, 1436086.270883415592834 ], [ 398259.671431636088528, 1436094.890070743393153 ], [ 398232.556367470766418, 1436106.353727765614167 ], [ 398207.815200000070035, 1436121.016100000590086 ], [ 398198.562694727617782, 1436127.298836435889825 ], [ 398189.016214205883443, 1436133.704734394559637 ], [ 398179.599001453549135, 1436140.371446802979335 ], [ 398170.734299489296973, 1436147.436626588925719 ], [ 398162.845351331867278, 1436155.037926678778604 ], [ 398156.355399999767542, 1436163.312999999150634 ], [ 398152.535344478848856, 1436169.906357495347038 ], [ 398149.254525408206973, 1436177.08263265970163 ], [ 398146.50477907678578, 1436184.751349179306999 ], [ 398144.277941773936618, 1436192.822030740790069 ], [ 398142.565849788370542, 1436201.204201031941921 ], [ 398141.360339408915024, 1436209.807383737759665 ], [ 398140.653246924688574, 1436218.541102546034381 ], [ 398140.436408624635078, 1436227.314881143625826 ], [ 398140.701660797698423, 1436236.038243216462433 ], [ 398141.440839732880704, 1436244.620712451869622 ], [ 398142.645781719009392, 1436252.971812536474317 ], [ 398144.308323045202997, 1436261.001067157369107 ], [ 398146.420300000347197, 1436268.618000000715256 ], [ 398149.32941443490563, 1436276.632031647255644 ], [ 398152.948622866126243, 1436284.684898208128288 ], [ 398157.160408866242506, 1436292.651046691928059 ], [ 398161.847256007662509, 1436300.404924106085673 ], [ 398166.891647862154059, 1436307.820977456867695 ], [ 398172.176068002125248, 1436314.773653752170503 ], [ 398177.582999999634922, 1436321.137399999424815 ], [ 398232.77272971655475, 1436340.143543429439887 ], [ 398302.850443848059513, 1436336.672708280384541 ], [ 398363.511400000192225, 1436352.033600000664592 ], [ 398370.29696999839507, 1436357.622984575573355 ], [ 398377.101395825506188, 1436363.607882756041363 ], [ 398383.621516653685831, 1436369.944708649767563 ], [ 398389.554171654512174, 1436376.589876362355426 ], [ 398394.596199999563396, 1436383.499800000339746 ], [ 398398.605609081685543, 1436390.870861978735775 ], [ 398401.711460650782101, 1436398.895544444676489 ], [ 398403.979422077420168, 1436407.465411721495911 ], [ 398405.475160732108634, 1436416.472028131363913 ], [ 398406.264343985239975, 1436425.806957997381687 ], [ 398406.412639207090251, 1436435.36176564055495 ], [ 398405.985713768051937, 1436445.028015384217724 ], [ 398405.049235038692132, 1436454.69727155007422 ], [ 398403.668870389286894, 1436464.261098460992798 ], [ 398401.910287190345116, 1436473.61106043914333 ], [ 398399.839152812142856, 1436482.638721806928515 ], [ 398397.521134625305422, 1436491.235646886751056 ], [ 398395.021900000050664, 1436499.293400000780821 ], [ 398382.638248753908556, 1436522.151740668108687 ], [ 398363.629503133473918, 1436541.881582487840205 ], [ 398340.507189293275587, 1436559.784267395734787 ], [ 398315.782833387958817, 1436577.161137326620519 ], [ 398291.967961571994238, 1436595.313534216489643 ], [ 398271.574099999852479, 1436615.5428 ], [ 398240.955179860698991, 1436665.668134461389855 ], [ 398214.138925798935816, 1436719.036031033145264 ], [ 398179.212000000290573, 1436763.2588 ], [ 398146.198548550659325, 1436782.459138728678226 ], [ 398109.525025782524608, 1436797.532655174378306 ], [ 398076.178700000047684, 1436816.272900000214577 ], [ 398060.086793958733324, 1436830.366444028913975 ], [ 398045.04583963076584, 1436846.241752341389656 ], [ 398031.062304793333169, 1436863.638699661241844 ], [ 398018.142657224845607, 1436882.2971607146319 ], [ 398006.29336470249109, 1436901.957010225160047 ], [ 397995.520895003923215, 1436922.358122918289155 ], [ 397985.831715906679165, 1436943.240373517153785 ], [ 397977.232295188528951, 1436964.343636747915298 ], [ 397969.729100626951549, 1436985.407787334173918 ], [ 397963.328599999658763, 1437006.172700000926852 ], [ 397956.528494271857198, 1437034.826674323063344 ], [ 397951.975056687544566, 1437064.609581298427656 ], [ 397949.53236649336759, 1437095.186999341007322 ], [ 397949.064502935681958, 1437126.224506862461567 ], [ 397950.435545261017978, 1437157.387682276777923 ], [ 397953.509572715964168, 1437188.342103995615616 ], [ 397958.150664546876214, 1437218.753350432496518 ], [ 397964.222900000400841, 1437248.287000000476837 ], [ 397980.937531507457606, 1437293.966327588772401 ], [ 398001.975074393674731, 1437338.810558014549315 ], [ 398016.341000000014901, 1437384.943600000813603 ], [ 398019.018644237832632, 1437410.915426248917356 ], [ 398019.547761867754161, 1437437.404668962350115 ], [ 398018.5706985637662, 1437463.980152194853872 ], [ 398016.729799999855459, 1437490.210699999704957 ], [ 397985.858800420421176, 1437600.753007036400959 ], [ 397933.812420166563243, 1437707.342605861835182 ], [ 397894.066800000146031, 1437816.996500000357628 ], [ 397890.927960612985771, 1437830.883711711270735 ], [ 397887.030258044367656, 1437845.439599785488099 ], [ 397882.653459567809477, 1437860.476542166434228 ], [ 397878.077332456596196, 1437875.806916795903817 ], [ 397873.581643984187394, 1437891.243101615225896 ], [ 397869.446161423635203, 1437906.597474565263838 ], [ 397865.950652048573829, 1437921.682413588743657 ], [ 397863.374883132404648, 1437936.310296627227217 ], [ 397861.998621948179789, 1437950.293501621810719 ], [ 397862.101635769475251, 1437963.44440651498735 ], [ 397863.963691869634204, 1437975.575389247853309 ], [ 397867.864557521941606, 1437986.498827762668952 ], [ 397874.083999999798834, 1437996.027100000530481 ], [ 397878.437854287039954, 1438000.637209017528221 ], [ 397883.603963182889856, 1438005.259791353717446 ], [ 397889.452179955842439, 1438009.828053527278826 ], [ 397895.852357874624431, 1438014.275202055228874 ], [ 397902.674350207613315, 1438018.534443453652784 ], [ 397909.788010223128367, 1438022.538984239567071 ], [ 397917.0631911897799, 1438026.222030929289758 ], [ 397924.369746376178227, 1438029.516790040535852 ], [ 397931.577529050642624, 1438032.356468089390546 ], [ 397938.556392481783405, 1438034.674271593336016 ], [ 397945.176189938036259, 1438036.403407068457454 ], [ 397951.306774687953293, 1438037.477081032004207 ], [ 397956.817999999970198, 1438037.828500000759959 ], [ 397983.627923553809524, 1437989.359668323537335 ], [ 397995.718353538832162, 1437901.253655731678009 ], [ 398028.412899999879301, 1437858.6074 ], [ 398032.684195179899689, 1437859.363516263430938 ], [ 398037.304489364090841, 1437860.379639693768695 ], [ 398042.096006971085444, 1437861.646039881743491 ], [ 398046.880972419690806, 1437863.152986416593194 ], [ 398051.481610128306784, 1437864.890748888254166 ], [ 398055.720144515507855, 1437866.849596886197105 ], [ 398059.418800000101328, 1437869.019799999892712 ], [ 398063.370803466648795, 1437872.365719707682729 ], [ 398066.496675254602451, 1437876.435906428378075 ], [ 398068.863413231039885, 1437881.156663324916735 ], [ 398070.538015262107365, 1437886.454293560702354 ], [ 398071.587479214998893, 1437892.255100300302729 ], [ 398072.078802956035361, 1437898.485386706888676 ], [ 398072.078984352061525, 1437905.07145594409667 ], [ 398071.655021269689314, 1437911.939611175796017 ], [ 398070.873911575530656, 1437919.016155564691871 ], [ 398069.802653136372101, 1437926.227392276050523 ], [ 398068.508243818650953, 1437933.499624471645802 ], [ 398067.057681489386596, 1437940.759155316744 ], [ 398065.517964014958125, 1437947.932287974050269 ], [ 398063.956089262152091, 1437954.945325607433915 ], [ 398062.439055097638629, 1437961.724571380298585 ], [ 398061.033859388087876, 1437968.196328457212076 ], [ 398059.807500000111759, 1437974.28690000064671 ], [ 398035.514095911232289, 1438028.638222049921751 ], [ 397998.071593947301153, 1438079.327709274832159 ], [ 397967.490500000305474, 1438132.530799999833107 ], [ 397953.869497864623554, 1438235.151907976483926 ], [ 397937.263399999588728, 1438332.652899999171495 ], [ 397893.418235742487013, 1438383.64463857957162 ], [ 397828.514296495937742, 1438419.024863872211426 ], [ 397753.604509378259536, 1438447.975849875248969 ], [ 397679.741801506956108, 1438479.679870585445315 ], [ 397617.979100000113249, 1438523.319199999794364 ], [ 397602.144547454488929, 1438539.035747390473261 ], [ 397586.112032354576513, 1438555.106189506826922 ], [ 397570.802593527710997, 1438571.766557928640395 ], [ 397557.137269800528884, 1438589.252884233836085 ], [ 397546.037100000306964, 1438607.801200000569224 ], [ 397539.01056825282285, 1438624.362196793779731 ], [ 397533.62854383100057, 1438642.003842436010018 ], [ 397529.713691893091891, 1438660.45300760329701 ], [ 397527.088677597290371, 1438679.436562972841784 ], [ 397525.576166101789568, 1438698.681379220448434 ], [ 397524.998822564957663, 1438717.914327023318037 ], [ 397525.179312144871801, 1438736.862277057720348 ], [ 397525.940299999900162, 1438755.252100000157952 ], [ 397528.501942264556419, 1438780.836905255215243 ], [ 397533.240969051781576, 1438806.56924984138459 ], [ 397539.942570561659522, 1438832.272705624811351 ], [ 397548.391936994099524, 1438857.770844472572207 ], [ 397558.3742585494183, 1438882.887238251045346 ], [ 397569.674725427641533, 1438907.445458826608956 ], [ 397582.078527828794904, 1438931.269078065641224 ], [ 397595.370855953078717, 1438954.181667834287509 ], [ 397609.336900000460446, 1438976.006799999624491 ], [ 397622.953848524251953, 1438995.605510702356696 ], [ 397637.579093109292444, 1439015.120596613036469 ], [ 397653.168427007214632, 1439034.22887217043899 ], [ 397669.677643469709437, 1439052.60715181264095 ], [ 397687.062535748584196, 1439069.932249978417531 ], [ 397705.278897095355205, 1439085.880981105845422 ], [ 397724.282520761829801, 1439100.130159633234143 ], [ 397744.029199999757111, 1439112.356599999591708 ], [ 397782.550397014070768, 1439127.664377784822136 ], [ 397824.459495172020979, 1439136.707143523730338 ], [ 397867.479920743848197, 1439143.948412500321865 ], [ 397909.335099999792874, 1439153.851700000464916 ], [ 397965.620533062960021, 1439171.909055485390127 ], [ 398022.182570392673369, 1439191.388682737248018 ], [ 398078.233779959380627, 1439212.899499027989805 ], [ 398132.98672973329667, 1439237.050421628868207 ], [ 398185.653987684519961, 1439264.450367810204625 ], [ 398235.448121783323586, 1439295.708254843717441 ], [ 398281.581699999980628, 1439331.433000000193715 ], [ 398325.262546231970191, 1439373.973570046713576 ], [ 398366.136535046447534, 1439420.443720795214176 ], [ 398405.947200000286102, 1439467.823799999430776 ], [ 398465.829389698104933, 1439537.760012284386903 ], [ 398524.64463735721074, 1439609.334978600498289 ], [ 398578.571116337669082, 1439683.641880616545677 ], [ 398623.786999999545515, 1439761.773900000378489 ], [ 398672.280565532157198, 1439923.294805090874434 ], [ 398694.829801253043115, 1440096.889195794938132 ], [ 398728.85950000025332, 1440266.676699999719858 ], [ 398753.985458681127056, 1440345.467931189807132 ], [ 398780.262804818747099, 1440424.923355234554037 ], [ 398809.178570216172375, 1440503.503883135505021 ], [ 398842.219786676811054, 1440579.670425895601511 ], [ 398880.873486003663857, 1440651.883894516620785 ], [ 398926.626699999906123, 1440718.605200000107288 ], [ 398949.433817921031732, 1440747.569364971946925 ], [ 398973.101287264784332, 1440776.604250012896955 ], [ 398997.911559087864589, 1440804.83422057912685 ], [ 399024.147084446973167, 1440831.383642127737403 ], [ 399052.090314398752525, 1440855.376880116295069 ], [ 399082.023699999786913, 1440875.938300000503659 ], [ 399099.679583224409726, 1440886.074918642407283 ], [ 399117.972632378339767, 1440895.614504055352882 ], [ 399136.742209920252208, 1440904.26245014811866 ], [ 399155.827678308123723, 1440911.724150827154517 ], [ 399175.068400000222027, 1440917.705 ], [ 399195.218237500521354, 1440922.003606838406995 ], [ 399216.381719201512169, 1440924.551796261919662 ], [ 399238.311121217324398, 1440925.491652786964551 ], [ 399260.758719661564101, 1440924.965260929893702 ], [ 399283.476790648186579, 1440923.114705206360668 ], [ 399306.217610290972516, 1440920.082070132251829 ], [ 399328.733454703819007, 1440916.00944022461772 ], [ 399350.776600000448525, 1440911.038899999111891 ] ] ] } },
{ "type": "Feature", "properties": { "CONTOUR_ELEVATION": 21.030001, "CONTOUR_ELEVATION_1": null, "SHAPE_Length": 3209.3236130614523 }, "geometry": { "type": "MultiLineString", "coordinates": [ [ [ 398894.112800000235438, 1437025.683399999514222 ], [ 398886.939245736924931, 1437032.602064811158925 ], [ 398880.522936143155675, 1437038.924493837635964 ], [ 398874.806830690475181, 1437044.724408308975399 ], [ 398869.733888851478696, 1437050.075529456837103 ], [ 398865.247070097597316, 1437055.051578510552645 ], [ 398861.289333901135251, 1437059.726276701781899 ], [ 398857.80363973416388, 1437064.173345261951908 ], [ 398854.732947068579961, 1437068.466505419928581 ], [ 398852.020215376396663, 1437072.679478408535942 ], [ 398849.608404129510745, 1437076.88598545617424 ], [ 398847.440472800110001, 1437081.159747795201838 ], [ 398845.459380860091187, 1437085.574486655648798 ], [ 398843.608087781467475, 1437090.20392326824367 ], [ 398841.829553036310244, 1437095.121778863715008 ], [ 398840.066736096632667, 1437100.401774673257023 ], [ 398838.262596434331499, 1437106.117631927132607 ], [ 398836.36009352147812, 1437112.343071855604649 ], [ 398834.302186830085702, 1437119.151815690333024 ], [ 398832.031835832167417, 1437126.617584661114961 ], [ 398829.49199999962002, 1437134.814099999144673 ], [ 398830.19782118400326, 1437218.024914438603446 ], [ 398849.767714017769322, 1437306.437911025248468 ], [ 398843.310800000093877, 1437384.775699999183416 ], [ 398791.364877886429895, 1437436.903799464926124 ], [ 398740.471900000236928, 1437490.42090000025928 ], [ 398733.904609423014335, 1437508.958224068395793 ], [ 398729.812116344110109, 1437528.832027968484908 ], [ 398727.669506094476674, 1437549.669796130852774 ], [ 398726.951864004600793, 1437571.099012986058369 ], [ 398727.134275405318476, 1437592.747162962565199 ], [ 398727.691825626941863, 1437614.24173049069941 ], [ 398728.099600000306964, 1437635.210200000554323 ], [ 398731.042930718278512, 1437691.194487947970629 ], [ 398738.521073427749798, 1437747.28798101679422 ], [ 398749.790060778497718, 1437803.002970112720504 ], [ 398764.105925419484265, 1437857.851746139116585 ], [ 398780.724700000137091, 1437911.346599999815226 ], [ 398832.414199294347782, 1438018.141163532389328 ], [ 398896.777710434515029, 1438120.277167884167284 ], [ 398949.617999999783933, 1438226.5329 ], [ 398974.766702283523045, 1438352.68857624521479 ], [ 398986.52093762322329, 1438483.633004881907254 ], [ 399015.527999999932945, 1438607.8893 ], [ 399037.912439829611685, 1438658.160263167694211 ], [ 399063.697147327242419, 1438707.724270320497453 ], [ 399092.56898491026368, 1438755.785945890471339 ], [ 399124.214814995357301, 1438801.549914306728169 ], [ 399158.32149999961257, 1438844.220799999311566 ], [ 399186.707756031712051, 1438875.587339306483045 ], [ 399217.139139969483949, 1438906.147309003397822 ], [ 399249.393894564185757, 1438935.53522756905295 ], [ 399283.250262567133177, 1438963.385613481048495 ], [ 399318.486486729583703, 1438989.332985219312832 ], [ 399354.880809802853037, 1439013.011861261446029 ], [ 399392.211474538198672, 1439034.056760086910799 ], [ 399430.256723686936311, 1439052.102200173540041 ], [ 399468.794800000265241, 1439066.782700000330806 ], [ 399492.220716245239601, 1439074.506396229378879 ], [ 399516.746151878265664, 1439082.298101362539455 ], [ 399542.112786105601117, 1439089.830832934239879 ], [ 399568.062298134202138, 1439096.777608478907496 ], [ 399594.336367170384619, 1439102.811445530736819 ], [ 399620.676672421221156, 1439107.605361624853685 ], [ 399646.824893092969432, 1439110.83237429568544 ], [ 399672.522708392469212, 1439112.165501076728106 ], [ 399697.511797526327427, 1439111.277759503573179 ], [ 399721.53383970115101, 1439107.842167110182345 ], [ 399744.330514123546891, 1439101.531741430982947 ], [ 399765.643500000238419, 1439092.019500000402331 ], [ 399775.694594672415406, 1439086.387656106613576 ], [ 399786.074179857911076, 1439080.247252511093393 ], [ 399796.571725391084328, 1439073.597668592119589 ], [ 399806.976701107458211, 1439066.438283731229603 ], [ 399817.078576841508038, 1439058.768477306235582 ], [ 399826.66682242823299, 1439050.587628696579486 ], [ 399835.530907702515833, 1439041.895117281703278 ], [ 399843.460302499297541, 1439032.69032244104892 ], [ 399850.244476653402671, 1439022.972623554058373 ], [ 399855.672899999655783, 1439012.741399999707937 ], [ 399861.972665202280041, 1438978.720778247574344 ], [ 399868.336400000378489, 1438946.902799999341369 ], [ 399878.495227298815735, 1438935.782639725133777 ], [ 399893.012665871996433, 1438930.516934521496296 ], [ 399911.02046088327188, 1438929.831095425412059 ], [ 399931.650357497099321, 1438932.450533476890996 ], [ 399954.034100877062883, 1438937.10065971291624 ], [ 399977.303436186804902, 1438942.506885172100738 ], [ 400000.590108590142336, 1438947.394620891660452 ], [ 400023.025863251066767, 1438950.489277910906821 ], [ 400043.742445333045907, 1438950.516267267521471 ], [ 400061.871600000187755, 1438946.200999999418855 ], [ 400067.434464661695529, 1438943.930365881649777 ], [ 400072.694441462343093, 1438941.878622199874371 ], [ 400077.66837229358498, 1438940.018454565433785 ], [ 400082.373099046992138, 1438938.322548590833321 ], [ 400086.825463613960892, 1438936.763589887414128 ], [ 400091.042307886411436, 1438935.314264067448676 ], [ 400095.040473755158018, 1438933.947256741113961 ], [ 400098.836803112761118, 1438932.635253522545099 ], [ 400102.448137849802151, 1438931.350940021919087 ], [ 400105.891319858492352, 1438930.067001852206886 ], [ 400109.183191029995214, 1438928.756124623818323 ], [ 400112.340593256056309, 1438927.390993949957192 ], [ 400115.380368428071961, 1438925.944295441731811 ], [ 400118.319358437787741, 1438924.38871471141465 ], [ 400121.174405176541768, 1438922.696937369648367 ], [ 400123.962350535904989, 1438920.841649029403925 ], [ 400126.700036407506559, 1438918.795535302255303 ], [ 400129.40430468285922, 1438916.53128180000931 ], [ 400132.091997253475711, 1438914.021574134007096 ], [ 400134.779956010868773, 1438911.239097916288301 ], [ 400137.485022846667562, 1438908.156538758892566 ], [ 400140.224039652443025, 1438904.7465822736267 ], [ 400143.013848319591489, 1438900.981914072064683 ], [ 400145.871290739742108, 1438896.835219766013324 ], [ 400148.81320880446583, 1438892.279184967745095 ], [ 400151.856444405275397, 1438887.286495288368315 ], [ 400155.01783943362534, 1438881.829836339922622 ], [ 400158.314235781203024, 1438875.881893734447658 ], [ 400161.762475339404773, 1438869.415353083517402 ], [ 400165.379399999976158, 1438862.402899999171495 ] ] ] } },
{ "type": "Feature", "properties": { "CONTOUR_ELEVATION": 26.030001, "CONTOUR_ELEVATION_1": null, "SHAPE_Length": 14830.849431804207 }, "geometry": { "type": "MultiLineString", "coordinates": [ [ [ 396252.18819999974221, 1435078.1349 ], [ 396238.281471276306547, 1435086.429929408244789 ], [ 396224.558796443743631, 1435094.233215971384197 ], [ 396211.023292172350921, 1435101.542399636469781 ], [ 396197.678075132251251, 1435108.355120350373909 ], [ 396184.526261993276421, 1435114.669018059968948 ], [ 396171.570969425316434, 1435120.481732711428776 ], [ 396158.81531409843592, 1435125.790904252557084 ], [ 396146.262412682815921, 1435130.59417263022624 ], [ 396133.91538184840465, 1435134.88917779061012 ], [ 396121.777338264975697, 1435138.673559680348262 ], [ 396109.851398602651898, 1435141.944958247710019 ], [ 396098.140679531614296, 1435144.701013438170776 ], [ 396086.648297721636482, 1435146.939365199534222 ], [ 396075.377369842724875, 1435148.657653477974236 ], [ 396064.331012565002311, 1435149.853518220596015 ], [ 396053.512342558358796, 1435150.52459937450476 ], [ 396042.924476492858957, 1435150.668536886340007 ], [ 396032.570531038509216, 1435150.282970702508464 ], [ 396022.453622865199577, 1435149.365540770813823 ], [ 396012.576868643052876, 1435147.913887037429959 ], [ 396002.943385042075533, 1435145.925649449694902 ], [ 395993.556288732215762, 1435143.398467953782529 ], [ 395984.418696383421775, 1435140.3299824972637 ], [ 395975.533724665816408, 1435136.717833026777953 ], [ 395966.904490249231458, 1435132.559659488964826 ], [ 395958.534109803847969, 1435127.853101830696687 ], [ 395950.425699999555945, 1435122.595799999311566 ], [ 395936.652595831896178, 1435111.348902139812708 ], [ 395923.643476037716027, 1435097.605378150707111 ], [ 395911.362054382800125, 1435081.876590790925547 ], [ 395899.77204463299131, 1435064.673902819398791 ], [ 395888.837160554016009, 1435046.508676995523274 ], [ 395878.521115911658853, 1435027.892276077996939 ], [ 395868.787624471646268, 1435009.336062826216221 ], [ 395859.600399999879301, 1434991.351399999111891 ], [ 395844.332736509211827, 1434945.659659811295569 ], [ 395837.35058370284969, 1434894.111335582099855 ], [ 395833.74199261458125, 1434841.002177398884669 ], [ 395828.595014278660528, 1434790.627935349475592 ], [ 395816.99769972905051, 1434747.284359520766884 ], [ 395794.038099999539554, 1434715.267200000584126 ], [ 395785.851267179823481, 1434709.024131381185725 ], [ 395776.657521030807402, 1434702.920595981413499 ], [ 395766.568530389515217, 1434697.014498675707728 ], [ 395755.69596409285441, 1434691.363744339207187 ], [ 395744.151490977441426, 1434686.026237845420837 ], [ 395732.046779880009126, 1434681.059884068323299 ], [ 395719.493499637348577, 1434676.522587882354856 ], [ 395706.603319086600095, 1434672.47225416242145 ], [ 395693.487907064263709, 1434668.966787781799212 ], [ 395680.258932406897657, 1434666.064093615161255 ], [ 395667.028063951875083, 1434663.822076537180692 ], [ 395653.906970535637811, 1434662.298641421366483 ], [ 395641.007320994976908, 1434661.551693142391741 ], [ 395628.440784166799858, 1434661.639136574696749 ], [ 395616.319028887723107, 1434662.618876591790468 ], [ 395604.753723994770553, 1434664.54881806881167 ], [ 395593.856538324675057, 1434667.486865879502147 ], [ 395583.739140714111272, 1434671.490924898302183 ], [ 395574.513199999928474, 1434676.618899999186397 ], [ 395562.318899881734978, 1434686.258092433447018 ], [ 395550.765837270300835, 1434698.317866115132347 ], [ 395539.82015407102881, 1434712.050742377527058 ], [ 395529.447992189379875, 1434726.709242556476966 ], [ 395519.615493530698586, 1434741.545887986198068 ], [ 395510.288800000213087, 1434755.813200000673532 ], [ 395475.993394900695421, 1434869.470239036716521 ], [ 395491.278545589884743, 1434998.264507302781567 ], [ 395527.826178829011042, 1435134.692006052006036 ], [ 395557.318221378605813, 1435271.248736534267664 ], [ 395551.436599999666214, 1435400.430700000375509 ], [ 395546.01214014692232, 1435421.955335774924606 ], [ 395540.690641606575809, 1435444.228270633844659 ], [ 395535.036085276049562, 1435466.636680829338729 ], [ 395528.612452052824665, 1435488.567742613144219 ], [ 395520.983722834091168, 1435509.408632235135883 ], [ 395511.713878517271951, 1435528.546525946818292 ], [ 395500.366899999789894, 1435545.368599999696016 ], [ 395396.015878098260146, 1435584.258982244879007 ], [ 395294.200400000438094, 1435625.100299999117851 ], [ 395287.176263960252982, 1435636.231220311950892 ], [ 395280.694471501279622, 1435648.88123018341139 ], [ 395274.819657807180192, 1435662.618273578351364 ], [ 395269.616458061791491, 1435677.010294461390004 ], [ 395265.149507448950317, 1435691.625236799241975 ], [ 395261.483441152551677, 1435706.031044556526467 ], [ 395258.682894356432371, 1435719.795661699026823 ], [ 395256.81250224437099, 1435732.487032191827893 ], [ 395255.936900000087917, 1435743.673100000247359 ], [ 395259.483671274036169, 1435761.95425894879736 ], [ 395270.997163345338777, 1435773.221122281625867 ], [ 395289.486230163776781, 1435778.486052977386862 ], [ 395313.959725679131225, 1435778.76141401543282 ], [ 395343.426503841357771, 1435775.059568374417722 ], [ 395376.895418600121047, 1435768.392879032762721 ], [ 395413.375323905434925, 1435759.773708970984444 ], [ 395451.875073707022239, 1435750.214421167038381 ], [ 395491.403521954722237, 1435740.727378600509837 ], [ 395530.969522598374169, 1435732.324944249354303 ], [ 395569.581929587817285, 1435726.019481093622744 ], [ 395606.249596872890834, 1435722.823352111503482 ], [ 395639.981378403375857, 1435723.748920282581821 ], [ 395669.786128129111603, 1435729.808548585511744 ], [ 395694.6727, 1435742.014599999412894 ], [ 395716.238878006697632, 1435758.983710119267926 ], [ 395737.246323095110711, 1435778.756490524159744 ], [ 395757.420890843553934, 1435800.754482734482735 ], [ 395776.488436830288265, 1435824.399228268535808 ], [ 395794.174816633109003, 1435849.112268644850701 ], [ 395810.205885830335319, 1435874.315145382657647 ], [ 395824.307500000111759, 1435899.429400000721216 ], [ 395847.445225251256488, 1435966.291296927025542 ], [ 395855.814497000013944, 1436039.402281631017104 ], [ 395856.624866123369429, 1436115.911367872497067 ], [ 395857.085883497959003, 1436192.96756940940395 ], [ 395864.407100000418723, 1436267.719900000840425 ], [ 395880.479777814529371, 1436356.808021590579301 ], [ 395898.161989493761212, 1436446.4413116495125 ], [ 395919.584662265959196, 1436534.909670913591981 ], [ 395946.878723358677235, 1436620.503000118304044 ], [ 395982.175099999643862, 1436701.511199999600649 ], [ 396060.430026144487783, 1436814.722544288961217 ], [ 396154.701313315948937, 1436919.550451737362891 ], [ 396241.481100000441074, 1437029.501900000497699 ], [ 396285.75024523481261, 1437098.861406247131526 ], [ 396328.380893659428693, 1437169.841283265501261 ], [ 396366.543195254402235, 1437242.877568651223555 ], [ 396397.407300000078976, 1437318.406300000846386 ], [ 396413.716602498257998, 1437371.805125347571447 ], [ 396426.926512953650672, 1437426.655359594151378 ], [ 396437.246672160224989, 1437482.419541168026626 ], [ 396444.886720911192242, 1437538.560208494076505 ], [ 396450.056300000287592, 1437594.539899999275804 ], [ 396451.70881946751615, 1437613.475002625957131 ], [ 396453.903909664833918, 1437633.560176576254889 ], [ 396456.435802639171015, 1437654.513205524068326 ], [ 396459.098730437399354, 1437676.051873142598197 ], [ 396461.68692510627443, 1437697.893963106907904 ], [ 396463.994618692842778, 1437719.757259089732543 ], [ 396465.816043243918102, 1437741.359544766601175 ], [ 396466.945430806430522, 1437762.418603810016066 ], [ 396467.177013427193742, 1437782.652219894574955 ], [ 396466.305023153021466, 1437801.77817669371143 ], [ 396464.123692030902021, 1437819.5142578817904 ], [ 396460.427252107707318, 1437835.578247132711112 ], [ 396455.009935430251062, 1437849.687928120139986 ], [ 396447.665974045463372, 1437861.561084517743438 ], [ 396438.189600000157952, 1437870.915500000119209 ], [ 396425.802020826842636, 1437877.949176497058943 ], [ 396410.931596759881359, 1437882.652052741963416 ], [ 396393.98058440577006, 1437885.336848567938432 ], [ 396375.351240370946471, 1437886.316283807856962 ], [ 396355.445821261440869, 1437885.903078293194994 ], [ 396334.666583683982026, 1437884.409951857523993 ], [ 396313.415784244891256, 1437882.149624333018437 ], [ 396292.095679550664499, 1437879.434815552551299 ], [ 396271.108526207506657, 1437876.57824534829706 ], [ 396250.856580821971875, 1437873.89263355336152 ], [ 396231.74210000038147, 1437871.690700000151992 ], [ 396057.231433343724348, 1437814.089595103403553 ], [ 395889.034206231532153, 1437722.349464933853596 ], [ 395714.827600000426173, 1437663.099999999627471 ], [ 395692.498850761097856, 1437660.089071960421279 ], [ 395669.321232383372262, 1437656.356307979673147 ], [ 395645.580473620328121, 1437652.348666756413877 ], [ 395621.56230322481133, 1437648.513106988277286 ], [ 395597.552449949784204, 1437645.296587372897193 ], [ 395573.836642548500095, 1437643.146066609304398 ], [ 395550.700609773688484, 1437642.508503395365551 ], [ 395528.430080378486309, 1437643.830856429412961 ], [ 395507.310783115797676, 1437647.560084409313276 ], [ 395487.628446738643106, 1437654.143146033864468 ], [ 395469.668800000101328, 1437664.027000000700355 ], [ 395456.917154931812547, 1437673.914994992315769 ], [ 395444.636365016980562, 1437685.517427048180252 ], [ 395432.892257605912164, 1437698.468106360640377 ], [ 395421.750660048623104, 1437712.400843120645732 ], [ 395411.277399695129134, 1437726.949447520077229 ], [ 395401.538303895562422, 1437741.747729749418795 ], [ 395392.599200000055134, 1437756.429500000551343 ], [ 395371.423022513103206, 1437825.307924463413656 ], [ 395362.655191729194485, 1437900.662835685536265 ], [ 395341.785000000149012, 1437967.160700000822544 ], [ 395323.657505976734683, 1437991.756795086432248 ], [ 395301.621984640019946, 1438013.98526121978648 ], [ 395276.384153007646091, 1438034.116361335851252 ], [ 395248.649728097370826, 1438052.420358369126916 ], [ 395219.124426926951855, 1438069.167515253880993 ], [ 395188.513966514205094, 1438084.628094924613833 ], [ 395157.524063876946457, 1438099.072360316524282 ], [ 395126.860436032817233, 1438112.770574363879859 ], [ 395097.228799999691546, 1438125.993000000715256 ], [ 394935.945721216499805, 1438160.148904820671305 ], [ 394764.653749995166436, 1438167.498470845166594 ], [ 394607.21999999973923, 1438206.811699999496341 ], [ 394523.85270319605479, 1438269.402635286096483 ], [ 394445.97281155991368, 1438344.649323847144842 ], [ 394362.82079999987036, 1438405.126599999144673 ], [ 394313.355652946629561, 1438420.276695281499997 ], [ 394256.990754757192917, 1438423.246546987676993 ], [ 394195.805060765589587, 1438417.179485108703375 ], [ 394131.877526305441279, 1438405.218839636072516 ], [ 394067.287106710427906, 1438390.507940561044961 ], [ 394004.112757314404007, 1438376.190117876045406 ], [ 393944.433433451049495, 1438365.408701572101563 ], [ 393890.328090454218909, 1438361.307021640706807 ], [ 393843.87568365765037, 1438367.028408073820174 ], [ 393807.155168395023793, 1438385.716190862702206 ], [ 393782.245500000193715, 1438420.513699999079108 ], [ 393769.937320050841663, 1438478.569991415832192 ], [ 393756.895899999886751, 1438539.039799999445677 ], [ 393742.344057825685013, 1438567.615525260800496 ], [ 393723.597813640604727, 1438594.11075351270847 ], [ 393701.679222800245043, 1438618.96314076660201 ], [ 393677.610340660554357, 1438642.610343032050878 ], [ 393652.413222576840781, 1438665.490016319323331 ], [ 393627.109923904761672, 1438688.039816638454795 ], [ 393602.722500000149012, 1438710.6974 ], [ 393566.105297227099072, 1438746.348016873700544 ], [ 393528.663593877106905, 1438781.463617096189409 ], [ 393489.670368588645943, 1438814.241833770647645 ], [ 393448.398599999956787, 1438842.880300000309944 ], [ 393378.768358021043241, 1438870.449241095222533 ], [ 393304.806003738776781, 1438890.489073828328401 ], [ 393242.262199999764562, 1438922.629699999466538 ], [ 393208.522739160922356, 1438966.148731060791761 ], [ 393186.10003334452631, 1439021.193505723495036 ], [ 393169.041787947702687, 1439082.156704856315628 ], [ 393151.395708367228508, 1439143.431009325897321 ], [ 393127.209499999880791, 1439199.409099999815226 ], [ 393087.357000876567326, 1439253.560238735750318 ], [ 393039.039149229647592, 1439303.194399853236973 ], [ 392990.105787144624628, 1439352.15019160346128 ], [ 392948.406756706302986, 1439404.266222235746682 ], [ 392921.791899999603629, 1439463.381100000813603 ], [ 392917.811673736840021, 1439489.953921462642029 ], [ 392915.374798004166223, 1439517.222325958078727 ], [ 392909.19620000012219, 1439542.38260000012815 ], [ 392903.314307057589758, 1439552.093197335954756 ], [ 392894.691821107640862, 1439561.054784190841019 ], [ 392884.004203303833492, 1439569.382899762829766 ], [ 392871.926914799958467, 1439577.193083251826465 ], [ 392859.13541674928274, 1439584.60087385517545 ], [ 392846.305170306062791, 1439591.721810773015022 ], [ 392834.111636623507366, 1439598.671433203620836 ], [ 392823.230276855349075, 1439605.565280345268548 ], [ 392814.336552155204117, 1439612.518891396932304 ], [ 392808.105923676746897, 1439619.647805557586253 ], [ 392805.21385257365182, 1439627.067562025506049 ], [ 392806.335799999535084, 1439634.893699999898672 ], [ 392808.600391011685133, 1439639.332242615055293 ], [ 392811.725230144977104, 1439643.992864907952026 ], [ 392815.561626310285646, 1439648.772990070050582 ], [ 392819.960888418892864, 1439653.570041292114183 ], [ 392824.774325381964445, 1439658.281441765837371 ], [ 392829.853246110491455, 1439662.804614682216197 ], [ 392835.048959515639581, 1439667.036983232479542 ], [ 392840.21277450863272, 1439670.87597060832195 ], [ 392845.196000000461936, 1439674.219000000506639 ], [ 392852.909354284463916, 1439678.42274933308363 ], [ 392861.297790449636523, 1439681.78911272645928 ], [ 392870.250327970716171, 1439684.364377074642107 ], [ 392879.655986322730314, 1439686.194829274201766 ], [ 392889.403784980357159, 1439687.326756219379604 ], [ 392899.382743418624159, 1439687.806444805813953 ], [ 392909.481881112209521, 1439687.680181928677484 ], [ 392919.590217535849661, 1439686.994254483375698 ], [ 392929.596772164455615, 1439685.794949363917112 ], [ 392939.390564472763799, 1439684.128553466871381 ], [ 392948.860613935743459, 1439682.041353686712682 ], [ 392957.895940028131008, 1439679.579636918846518 ], [ 392966.38556222472107, 1439676.789690058445558 ], [ 392974.218500000424683, 1439673.717800000682473 ], [ 393025.035780047997832, 1439588.953313273144886 ], [ 393076.77309999987483, 1439502.255999999120831 ], [ 393088.10901314788498, 1439497.738250028342009 ], [ 393100.39177236740943, 1439494.177918664645404 ], [ 393113.370815244386904, 1439491.499571600230411 ], [ 393126.795579364930745, 1439489.627774527296424 ], [ 393140.415502314863261, 1439488.487093138508499 ], [ 393153.980021680123173, 1439488.002093126066029 ], [ 393167.238575046532787, 1439488.097340182634071 ], [ 393179.940600000321865, 1439488.6974 ], [ 393199.440939197433181, 1439492.708596270065755 ], [ 393219.599154426949099, 1439501.52491010655649 ], [ 393240.118323520990089, 1439514.156658566789702 ], [ 393260.701524311152752, 1439529.614158708136529 ], [ 393281.051834629557561, 1439546.90772758750245 ], [ 393300.872332307510078, 1439565.04768226086162 ], [ 393319.866095177130774, 1439583.044339785352349 ], [ 393337.736201070190873, 1439599.908017218811437 ], [ 393354.185727818461601, 1439614.64903161698021 ], [ 393368.917753253714181, 1439626.277700037695467 ], [ 393381.635355207836255, 1439633.804339536931366 ], [ 393392.04161151254084, 1439636.239267172524706 ], [ 393399.839599999599159, 1439632.592800000682473 ], [ 393404.677737117512152, 1439619.613254454452544 ], [ 393404.732640011818148, 1439599.028433244442567 ], [ 393401.460738348716404, 1439572.971471780445427 ], [ 393396.318461794755422, 1439543.575505472254008 ], [ 393390.762240016483702, 1439512.973669730359688 ], [ 393386.248502680333331, 1439483.299099964322522 ], [ 393384.233679452678189, 1439456.684931584168226 ], [ 393386.174200000241399, 1439435.2643 ], [ 393395.515611142676789, 1439413.048307518241927 ], [ 393410.595687555673067, 1439397.733679930912331 ], [ 393430.891701436659787, 1439388.610298286890611 ], [ 393455.880924982833676, 1439384.968043635133654 ], [ 393485.040630391566083, 1439386.096797023667023 ], [ 393517.848089860402979, 1439391.286439502611756 ], [ 393553.780575586482882, 1439399.826852119294927 ], [ 393592.315359767177142, 1439411.007915923371911 ], [ 393632.92971460003173, 1439424.119511964032426 ], [ 393675.100912282243371, 1439438.451521289069206 ], [ 393718.306225011066999, 1439453.293824947671965 ], [ 393762.022924984106794, 1439467.93630398879759 ], [ 393805.728284398617689, 1439481.668839461170137 ], [ 393848.899575451854616, 1439493.781312413746491 ], [ 393891.014070341247134, 1439503.563603894785047 ], [ 393931.549041264224797, 1439510.305594953941181 ], [ 393969.981760417926125, 1439513.297166639007628 ], [ 394005.789499999955297, 1439511.828199999406934 ], [ 394036.114646357716992, 1439508.457116056699306 ], [ 394066.431076409411617, 1439504.386057059746236 ], [ 394096.05489999987185, 1439498.322699999436736 ], [ 394170.953509503451642, 1439459.387633392354473 ], [ 394240.463941563561093, 1439404.952533043222502 ], [ 394314.889499999582767, 1439365.895999999716878 ], [ 394361.138788627344184, 1439357.806077840272337 ], [ 394408.92953157518059, 1439354.539279918419197 ], [ 394456.7648, 1439352.19400000013411 ], [ 394518.984148599382024, 1439347.154155720025301 ], [ 394581.718574684404302, 1439342.009899978525937 ], [ 394644.30893646995537, 1439339.267236377578229 ], [ 394706.096092170337215, 1439341.432168517727405 ], [ 394766.42090000025928, 1439351.010700000450015 ], [ 394822.58597705984721, 1439371.766201340360567 ], [ 394877.793942947639152, 1439397.894614855991676 ], [ 394934.401800000108778, 1439416.163699999451637 ], [ 394964.935177687613759, 1439420.054560271790251 ], [ 394996.158709412207827, 1439421.653760029468685 ], [ 395027.598312293412164, 1439421.248579652281478 ], [ 395058.779903449467383, 1439419.126299516530707 ], [ 395089.229399999603629, 1439415.574200000613928 ], [ 395217.500268826435786, 1439360.286646541208029 ], [ 395336.967838154872879, 1439270.689424598123878 ], [ 395462.597599999979138, 1439203.617599999532104 ], [ 395510.510902346402872, 1439191.794702522689477 ], [ 395560.015849352756049, 1439182.368853968102485 ], [ 395610.613359425216913, 1439175.568524157395586 ], [ 395661.80435097013833, 1439171.622182911494747 ], [ 395713.089742393756751, 1439170.758300051558763 ], [ 395763.970452102366835, 1439173.205345398979262 ], [ 395813.947398502263241, 1439179.191788774682209 ], [ 395862.521499999798834, 1439188.946100000292063 ], [ 395887.907233297417406, 1439195.086329813115299 ], [ 395914.015587382193189, 1439201.543984984280542 ], [ 395940.320022103609517, 1439208.679977147374302 ], [ 395966.29399731149897, 1439216.85521793551743 ], [ 395991.410972855403088, 1439226.430618981597945 ], [ 396015.144408585154451, 1439237.767091918736696 ], [ 396036.967764350236394, 1439251.225548380520195 ], [ 396056.354500000365078, 1439267.166899999603629 ], [ 396072.684590341115836, 1439285.313567257253453 ], [ 396087.251935678476002, 1439305.948856571456417 ], [ 396100.375042662839405, 1439328.326951222959906 ], [ 396112.372417944483459, 1439351.702034491347149 ], [ 396123.562568173627369, 1439375.328289656899869 ], [ 396134.264000000432134, 1439398.459899999201298 ], [ 396155.852186539210379, 1439452.347139416728169 ], [ 396171.978017925634049, 1439508.75655218702741 ], [ 396183.124483463470824, 1439567.185334183974192 ], [ 396189.774572457070462, 1439627.130681284004822 ], [ 396192.411274209967814, 1439688.089789360761642 ], [ 396191.517578026046976, 1439749.559854288585484 ], [ 396187.576473209192045, 1439811.038071941351518 ], [ 396181.07094906346174, 1439872.02163819456473 ], [ 396172.483994892565534, 1439932.007748922798783 ], [ 396162.298600000329316, 1439990.493599999696016 ], [ 396140.77323411492398, 1440065.024027166422457 ], [ 396114.561631565447897, 1440138.992092197295278 ], [ 396098.63190000038594, 1440214.430700000375509 ], [ 396097.749128029332496, 1440222.931495631113648 ], [ 396096.477499396947678, 1440231.789454032666981 ], [ 396095.0075886977138, 1440240.877039421349764 ], [ 396093.529970525822137, 1440250.066716013010591 ], [ 396092.235219475231133, 1440259.230948023730889 ], [ 396091.313910140481312, 1440268.242199670290574 ], [ 396090.956617115531117, 1440276.972935168305412 ], [ 396091.35391499492107, 1440285.295618734322488 ], [ 396092.696378372609615, 1440293.082714583724737 ], [ 396095.174581842962652, 1440300.206686933292076 ], [ 396098.979100000113249, 1440306.53999999910593 ], [ 396103.797466359043028, 1440310.657299323705956 ], [ 396111.970240834227297, 1440315.427843518787995 ], [ 396122.631659265782218, 1440320.613971759099513 ], [ 396134.915957494173199, 1440325.978023220552132 ], [ 396147.957371359691024, 1440331.282337079290301 ], [ 396160.890136702626478, 1440336.28925251099281 ], [ 396172.848489363444969, 1440340.761108691105619 ], [ 396182.96666518249549, 1440344.460244795773178 ], [ 396190.378899999894202, 1440347.149000000208616 ] ] ] } },
{ "type": "Feature", "properties": { "CONTOUR_ELEVATION": 21.530001, "CONTOUR_ELEVATION_1": null, "SHAPE_Length": 3669.839857130326 }, "geometry": { "type": "MultiLineString", "coordinates": [ [ [ 398770.082399999722838, 1436910.851199999451637 ], [ 398772.098543782893103, 1436927.904917024774477 ], [ 398776.16423777845921, 1436944.03661094722338 ], [ 398777.518500000238419, 1436960.6853 ], [ 398771.565784138801973, 1437009.522754456149414 ], [ 398762.459398765699007, 1437061.089965344406664 ], [ 398750.444355902669486, 1437113.983691312838346 ], [ 398735.765667571511585, 1437166.800691007636487 ], [ 398718.668345793907065, 1437218.137723076622933 ], [ 398699.3974025916541, 1437266.591546167153865 ], [ 398678.197849986376241, 1437310.758918925886974 ], [ 398655.314699999988079, 1437349.236600000411272 ], [ 398623.22352703200886, 1437384.998593971366063 ], [ 398583.650993195013143, 1437416.830463647609577 ], [ 398543.404355842212681, 1437447.925996338948607 ], [ 398509.29087232623715, 1437481.478979353327304 ], [ 398488.11780000012368, 1437520.683199999853969 ], [ 398484.883426679763943, 1437532.881014614831656 ], [ 398482.008823339769151, 1437545.895154824247584 ], [ 398479.592124874878209, 1437559.51718627428636 ], [ 398477.731466179422569, 1437573.538674610201269 ], [ 398476.524982147966512, 1437587.751185477245599 ], [ 398476.070807675190736, 1437601.946284521836787 ], [ 398476.4670776554849, 1437615.91553738899529 ], [ 398477.811926983646117, 1437629.450509724672884 ], [ 398480.203490554005839, 1437642.342767174821347 ], [ 398483.739903261186555, 1437654.383875384228304 ], [ 398488.519299999810755, 1437665.365399999544024 ], [ 398538.977511756354943, 1437704.378296355484053 ], [ 398591.919300000183284, 1437744.000600000843406 ], [ 398598.825300788274035, 1437757.624155655736104 ], [ 398604.199820226873271, 1437772.44965987233445 ], [ 398608.422184091585223, 1437788.088574532885104 ], [ 398611.871718158246949, 1437804.152361519634724 ], [ 398614.927748202695511, 1437820.252482714597136 ], [ 398617.969600000418723, 1437836.000399999320507 ], [ 398610.007400539529044, 1437964.751247840933502 ], [ 398576.802168488968164, 1438095.832822635537013 ], [ 398580.334599999710917, 1438217.54109999909997 ], [ 398611.591143011231907, 1438270.5723467762582 ], [ 398651.837428052735049, 1438321.309907737188041 ], [ 398683.951100000180304, 1438375.094000000506639 ], [ 398698.481151371845044, 1438451.949095895048231 ], [ 398700.186878648470156, 1438533.608287724899128 ], [ 398710.401399999856949, 1438611.776100000366569 ], [ 398788.401823398424312, 1438744.678774684900418 ], [ 398900.773913439596072, 1438863.477887995541096 ], [ 398995.192699999548495, 1438992.436599999666214 ], [ 399005.3477595790755, 1439018.946643020026386 ], [ 399012.749922534800135, 1439047.675104483496398 ], [ 399018.717101881396957, 1439077.479840451152995 ], [ 399024.567210633889772, 1439107.218706984538585 ], [ 399031.61816180718597, 1439135.749560144962743 ], [ 399041.187868415960111, 1439161.930255993269384 ], [ 399054.594243475294206, 1439184.618650591000915 ], [ 399073.155199999921024, 1439202.67259999923408 ], [ 399085.099807094375137, 1439210.312657999806106 ], [ 399098.018271516775712, 1439217.188812303123996 ], [ 399111.42025018070126, 1439223.348235454410315 ], [ 399124.815399999730289, 1439228.83809999935329 ], [ 399166.450488039699849, 1439238.05462632374838 ], [ 399210.216994314920157, 1439237.594241179060191 ], [ 399255.090696570405271, 1439232.466032872442156 ], [ 399300.047372550645377, 1439227.679089710349217 ], [ 399344.062800000421703, 1439228.242499999701977 ], [ 399439.459766545274761, 1439254.431700268527493 ], [ 399533.564898529672064, 1439290.671800270676613 ], [ 399628.010599999688566, 1439306.391799999400973 ], [ 399652.264969574403949, 1439304.747564578428864 ], [ 399677.051158900023438, 1439302.062404590658844 ], [ 399701.986382211267482, 1439298.14939900347963 ], [ 399726.687853742565494, 1439292.821626784512773 ], [ 399750.772787728172261, 1439285.892166899051517 ], [ 399773.858398402517196, 1439277.174098315183073 ], [ 399795.561900000087917, 1439266.480499999597669 ], [ 399830.968562590889633, 1439238.022226450731978 ], [ 399863.362321083259303, 1439203.597293243743479 ], [ 399898.485500000417233, 1439174.132200000807643 ], [ 399917.225600292964373, 1439163.502784298965707 ], [ 399936.593808764184359, 1439154.015284194145352 ], [ 399956.590212354320101, 1439145.669692345894873 ], [ 399977.214898003730923, 1439138.466001412132755 ], [ 399998.467952652717941, 1439132.404204052174464 ], [ 400020.349463241582271, 1439127.484292924171314 ], [ 400042.859516710683238, 1439123.70626068720594 ], [ 400065.998200000263751, 1439121.07010000012815 ] ] ] } },
{ "type": "Feature", "properties": { "CONTOUR_ELEVATION": 22.030001, "CONTOUR_ELEVATION_1": null, "SHAPE_Length": 4327.1522518189831 }, "geometry": { "type": "MultiLineString", "coordinates": [ [ [ 398737.044599999673665, 1436858.338199999183416 ], [ 398726.109573820780497, 1436863.921170283574611 ], [ 398713.041459317668341, 1436871.381454399554059 ], [ 398698.939149006677326, 1436880.10820141993463 ], [ 398684.901535403507296, 1436889.490560417994857 ], [ 398672.027511024032719, 1436898.917680465383455 ], [ 398661.415968384128064, 1436907.778710634913296 ], [ 398654.16579999960959, 1436915.462799999862909 ], [ 398645.579248722933698, 1436933.618162214988843 ], [ 398642.68119773408398, 1436954.936343328095973 ], [ 398643.160212200076785, 1436978.180165501311421 ], [ 398644.704857288277708, 1437002.11245089629665 ], [ 398645.003698165761307, 1437025.496021675178781 ], [ 398641.745299999602139, 1437047.093699999153614 ], [ 398616.682486782665364, 1437097.640599349979311 ], [ 398577.713484806998167, 1437141.790606447961181 ], [ 398532.003199440252502, 1437183.107483871281147 ], [ 398486.716536049032584, 1437225.154994196258485 ], [ 398449.018400000408292, 1437271.496899999678135 ], [ 398428.19136307440931, 1437304.723993369843811 ], [ 398407.724777624884155, 1437338.958669930929318 ], [ 398388.473886122344993, 1437374.022799278609455 ], [ 398371.293931037129369, 1437409.738251008559018 ], [ 398357.040154839633033, 1437445.926894716918468 ], [ 398346.567800000309944, 1437482.410599999129772 ], [ 398340.935650346335024, 1437553.286114887567237 ], [ 398350.679845665290486, 1437626.498569777235389 ], [ 398368.536925811320543, 1437701.097727223765105 ], [ 398387.243430638103746, 1437776.133349780226126 ], [ 398399.535899999551475, 1437850.655200000852346 ], [ 398398.100897816708311, 1438003.468363195424899 ], [ 398382.347019342763815, 1438158.265644049039111 ], [ 398375.744556197198108, 1438310.579077878501266 ], [ 398401.763799999840558, 1438455.940700000151992 ], [ 398417.0631153434515, 1438496.156878656242043 ], [ 398434.383335889258888, 1438535.927868380909786 ], [ 398453.810100000351667, 1438574.176200000569224 ], [ 398541.669148310262244, 1438678.107119965367019 ], [ 398651.527178747230209, 1438766.136941572884098 ], [ 398751.63150000013411, 1438862.570000000298023 ], [ 398780.734307126782369, 1438899.883263288997114 ], [ 398809.610794536012691, 1438938.040950322523713 ], [ 398836.91065838211216, 1438977.232245712541044 ], [ 398861.283594818785787, 1439017.646334068384022 ], [ 398881.379300000146031, 1439059.472400000318885 ], [ 398902.286830568569712, 1439165.778548905625939 ], [ 398904.895181402505841, 1439279.052388757700101 ], [ 398921.291799999773502, 1439388.289899999275804 ], [ 398924.589717580704018, 1439399.141948937671259 ], [ 398927.708088991814293, 1439410.795633936999366 ], [ 398930.715139645442832, 1439423.070466561475769 ], [ 398933.679094953229651, 1439435.785958375316113 ], [ 398936.668180327629671, 1439448.761620942736045 ], [ 398939.750621180515736, 1439461.81696582888253 ], [ 398942.994642924109939, 1439474.771504597971216 ], [ 398946.46847097040154, 1439487.444748813984916 ], [ 398950.240330731321592, 1439499.656210041139275 ], [ 398954.378447619150393, 1439511.225399844581261 ], [ 398958.951047045818996, 1439521.971829787828028 ], [ 398964.0263544236077, 1439531.715011436026543 ], [ 398969.672595164331142, 1439540.274456352926791 ], [ 398975.957994680269621, 1439547.469676103442907 ], [ 398982.950778383354191, 1439553.120182251790538 ], [ 398990.719171685806941, 1439557.04548636241816 ], [ 398999.331399999558926, 1439559.065099999308586 ], [ 399004.612385102780536, 1439559.470043673180044 ], [ 399010.399169879907276, 1439559.572021955391392 ], [ 399016.561769372434355, 1439559.363847671542317 ], [ 399022.970198621158488, 1439558.838333646068349 ], [ 399029.49447266740026, 1439557.988292703405023 ], [ 399036.004606552422047, 1439556.806537669384852 ], [ 399042.370615317311604, 1439555.285881368676201 ], [ 399048.46251400350593, 1439553.419136626413092 ], [ 399054.150317651801743, 1439551.199116267263889 ], [ 399059.304041303694248, 1439548.618633116595447 ], [ 399063.793700000271201, 1439545.670499999076128 ], [ 399077.405727466801181, 1439500.197265786351636 ], [ 399089.260900000110269, 1439453.467499999329448 ], [ 399093.92362677375786, 1439449.722578895976767 ], [ 399099.341040728031658, 1439446.483211478451267 ], [ 399105.412012070592027, 1439443.726441218052059 ], [ 399112.035411008691881, 1439441.429311586078256 ], [ 399119.110107750108, 1439439.568866054527462 ], [ 399126.534972502267919, 1439438.122148094465956 ], [ 399134.208875472832005, 1439437.066201178589836 ], [ 399142.030686869169585, 1439436.37806877726689 ], [ 399149.899276898999233, 1439436.034794362960383 ], [ 399157.713515769515652, 1439436.013421406270936 ], [ 399165.37227368861204, 1439436.290993379428983 ], [ 399172.774420863715932, 1439436.844553753966466 ], [ 399179.818827502196655, 1439437.651146001182497 ], [ 399186.404363811772782, 1439438.687813593074679 ], [ 399192.42989999987185, 1439439.931600000709295 ], [ 399215.299599150079302, 1439453.939509343355894 ], [ 399231.281025711272378, 1439480.384298474527895 ], [ 399242.904231978405733, 1439515.006734795635566 ], [ 399252.699270246201195, 1439553.547585708089173 ], [ 399263.196192809322383, 1439591.74761861260049 ], [ 399276.925051962432917, 1439625.347600909648463 ], [ 399296.415900000371039, 1439650.088300000876188 ], [ 399312.153262624051422, 1439661.337327741784975 ], [ 399329.764148806512821, 1439671.189105731667951 ], [ 399348.943238518666476, 1439679.68440374545753 ], [ 399369.385211731714662, 1439686.863991560181603 ], [ 399390.784748416568618, 1439692.768638950306922 ], [ 399412.836528544779867, 1439697.43911569355987 ], [ 399435.235232087085024, 1439700.91619156464003 ], [ 399457.675539014569949, 1439703.240636339876801 ], [ 399479.852129298495129, 1439704.453219795133919 ], [ 399501.459682909888215, 1439704.594711706507951 ], [ 399522.192879819893278, 1439703.705881849629804 ], [ 399541.746399999596179, 1439701.827500000596046 ], [ 399567.286770495236851, 1439697.71344436192885 ], [ 399593.98061833443353, 1439691.60248877084814 ], [ 399621.57989565259777, 1439683.50420252350159 ], [ 399649.836554584559053, 1439673.428154915105551 ], [ 399678.502547265670728, 1439661.383915241574869 ], [ 399707.329825830704067, 1439647.381052798824385 ], [ 399736.07034241524525, 1439631.429136883234605 ], [ 399764.476049154181965, 1439613.53773678932339 ], [ 399792.298898182692938, 1439593.716421814169735 ], [ 399819.290841635724064, 1439571.974761251825839 ], [ 399845.203831648570485, 1439548.3223243993707 ], [ 399869.789820356236305, 1439522.76868055248633 ], [ 399892.800759893958457, 1439495.323399006156251 ], [ 399913.988602396857459, 1439465.996049056760967 ], [ 399933.105299999937415, 1439434.79619999974966 ] ] ] } },
{ "type": "Feature", "properties": { "CONTOUR_ELEVATION": 20.030001, "CONTOUR_ELEVATION_1": null, "SHAPE_Length": 2537.994972869571 }, "geometry": { "type": "MultiLineString", "coordinates": [ [ [ 399374.745299999602139, 1436977.193 ], [ 399342.576940346742049, 1437001.913687440333888 ], [ 399312.140999999828637, 1437027.705700000748038 ], [ 399293.569193777511828, 1437052.010995797812939 ], [ 399277.214355113159399, 1437078.252530943835154 ], [ 399262.957218871975783, 1437106.144560482818633 ], [ 399250.678519918990787, 1437135.401339455973357 ], [ 399240.258993119408842, 1437165.737122905673459 ], [ 399231.579373338841833, 1437196.866165874758735 ], [ 399224.520395442144945, 1437228.50272340583615 ], [ 399218.962794294813648, 1437260.361050541512668 ], [ 399214.787304761819541, 1437292.155402324162424 ], [ 399211.874661708599888, 1437323.60003379592672 ], [ 399210.105600000359118, 1437354.409199999645352 ], [ 399216.207227984094061, 1437431.000483660493046 ], [ 399231.439478345157113, 1437508.382136605214328 ], [ 399241.917999999597669, 1437585.883099999278784 ], [ 399234.288547958014533, 1437698.580670330906287 ], [ 399216.698674543295056, 1437811.528220023261383 ], [ 399212.180499999783933, 1437922.849899999797344 ], [ 399217.673881462425925, 1437972.814993232954293 ], [ 399225.532828044146299, 1438023.58553891768679 ], [ 399235.894062632520217, 1438074.59468672866933 ], [ 399248.894308115064632, 1438125.275586339877918 ], [ 399264.670287379063666, 1438175.061387425754219 ], [ 399283.358723311976064, 1438223.385239660274237 ], [ 399305.09633880155161, 1438269.680292718345299 ], [ 399330.019856735016219, 1438313.379696273477748 ], [ 399358.265999999828637, 1438353.916600000113249 ], [ 399377.067279408685863, 1438377.851836778922006 ], [ 399396.995614395244047, 1438401.975992806022987 ], [ 399418.053612874180544, 1438425.58322060550563 ], [ 399440.243882759765256, 1438447.967672701459378 ], [ 399463.569031966268085, 1438468.423501616809517 ], [ 399488.031668408191763, 1438486.244859874946997 ], [ 399513.634399999864399, 1438500.7259 ], [ 399576.122909350437112, 1438516.401897018542513 ], [ 399644.050125446112361, 1438520.598084539407864 ], [ 399709.868200000375509, 1438531.592499999329448 ], [ 399765.599700955906883, 1438558.343883659923449 ], [ 399819.507019430573564, 1438590.974784082965925 ], [ 399875.326500000432134, 1438615.2061 ], [ 399893.63339588267263, 1438619.858563355868682 ], [ 399912.738719675224274, 1438624.296186507912353 ], [ 399932.436585502058733, 1438628.325909879058599 ], [ 399952.521107487962581, 1438631.754673893563449 ], [ 399972.786399756500032, 1438634.389418974285945 ], [ 399993.026576432574075, 1438636.037085545714945 ], [ 400013.035751640098169, 1438636.504614031407982 ], [ 400032.608039503451437, 1438635.598944854689762 ], [ 400051.537554146896582, 1438633.12701843958348 ], [ 400069.618409694638103, 1438628.895775209646672 ], [ 400086.644720270938706, 1438622.712155588204041 ], [ 400102.410600000061095, 1438614.383099999278784 ], [ 400138.036386632942595, 1438577.580975154880434 ], [ 400174.398000000044703, 1438540.434900000691414 ], [ 400187.589019612642005, 1438533.369517572922632 ], [ 400202.598039370728657, 1438527.270176865858957 ], [ 400218.989208185637835, 1438522.111374150728807 ], [ 400236.326674968353473, 1438517.867605701088905 ], [ 400254.174588629975915, 1438514.513367789098993 ], [ 400272.09709808183834, 1438512.023156686685979 ], [ 400289.65835223486647, 1438510.371468666242436 ], [ 400306.422500000335276, 1438509.532800000160933 ] ] ] } },
{ "type": "Feature", "properties": { "CONTOUR_ELEVATION": 24.530001, "CONTOUR_ELEVATION_1": null, "SHAPE_Length": 6057.9294435737347 }, "geometry": { "type": "MultiLineString", "coordinates": [ [ [ 397077.916299999691546, 1435526.624099999666214 ], [ 397061.680659624107648, 1435529.259458880405873 ], [ 397043.550533046480268, 1435532.341734574409202 ], [ 397024.335265564441215, 1435535.961076335282996 ], [ 397004.844202475389466, 1435540.207633416168392 ], [ 396985.886689076782204, 1435545.171555069740862 ], [ 396968.272070666309446, 1435550.942990549374372 ], [ 396952.809692541486584, 1435557.612089108210057 ], [ 396940.308899999596179, 1435565.268999999389052 ], [ 396925.777499435353093, 1435578.007414046209306 ], [ 396912.442357752297539, 1435592.746808560332283 ], [ 396900.170240958803333, 1435608.915418977616355 ], [ 396888.827915063477121, 1435625.941480732755736 ], [ 396878.282146074343473, 1435643.253229261841625 ], [ 396868.399699999950826, 1435660.278899999335408 ], [ 396845.393874737026636, 1435718.474164288956672 ], [ 396836.949131527042482, 1435781.668639868032187 ], [ 396838.684406191110611, 1435848.458447105716914 ], [ 396846.218634549761191, 1435917.439706369768828 ], [ 396855.170752423582599, 1435987.208538028178737 ], [ 396861.159695633337833, 1436056.361062448937446 ], [ 396859.804399999789894, 1436123.4934 ], [ 396850.823239369492512, 1436175.774458966683596 ], [ 396836.046456542797387, 1436228.831083858385682 ], [ 396818.391883779433556, 1436282.142702931538224 ], [ 396800.777353339130059, 1436335.188744442537427 ], [ 396786.120697481324896, 1436387.448636648710817 ], [ 396777.339748465688899, 1436438.401807805988938 ], [ 396777.352338552009314, 1436487.527686171000823 ], [ 396789.076299999840558, 1436534.305700000375509 ], [ 396813.703603958128951, 1436576.656669267220423 ], [ 396844.78263768251054, 1436617.613110531354323 ], [ 396872.130699999630451, 1436660.318199999630451 ], [ 396898.147855964896735, 1436734.951905597932637 ], [ 396914.837686418555677, 1436813.957171304384246 ], [ 396934.931400000117719, 1436891.675200000405312 ], [ 396984.60484184481902, 1436997.215703149093315 ], [ 397041.452508442336693, 1437100.043119673850015 ], [ 397080.626199999824166, 1437206.938300000503659 ], [ 397086.833637091389392, 1437241.495721799321473 ], [ 397091.800998800899833, 1437276.949856548570096 ], [ 397095.280458592053037, 1437312.990962516050786 ], [ 397097.02418992848834, 1437349.309297969797626 ], [ 397096.78436627384508, 1437385.595121177379042 ], [ 397094.313161091820803, 1437421.538690406363457 ], [ 397089.362747845996637, 1437456.830263924552128 ], [ 397081.685300000011921, 1437491.1601 ], [ 397079.095439005468506, 1437501.350527195027098 ], [ 397076.557757429662161, 1437512.174190633464605 ], [ 397073.979655896604527, 1437523.379566118353978 ], [ 397071.268535029608756, 1437534.715129452291876 ], [ 397068.331795452220831, 1437545.929356437642127 ], [ 397065.076837788510602, 1437556.770722878165543 ], [ 397061.41106266179122, 1437566.987704575993121 ], [ 397057.241870696074329, 1437576.328777334652841 ], [ 397052.47666251467308, 1437584.54241695581004 ], [ 397047.022838741424493, 1437591.37709924322553 ], [ 397040.787800000049174, 1437596.581299999728799 ], [ 397004.032955199771095, 1437595.828140036202967 ], [ 396958.113355529028922, 1437578.612186380196363 ], [ 396916.839700000360608, 1437575.990000000223517 ], [ 396911.606472494371701, 1437578.466816098894924 ], [ 396906.22057029476855, 1437581.384490988217294 ], [ 396900.751937308581546, 1437584.711700834566727 ], [ 396895.270517443190329, 1437588.417121805483475 ], [ 396889.84625460562529, 1437592.469430066645145 ], [ 396884.549092703091446, 1437596.83730178582482 ], [ 396879.448975642793812, 1437601.489413128932938 ], [ 396874.615847331704572, 1437606.394440262345597 ], [ 396870.119651676970534, 1437611.521059353137389 ], [ 396866.030332585913129, 1437616.837946567917243 ], [ 396862.417833965504542, 1437622.313778073294088 ], [ 396859.352099723066203, 1437627.917230036109686 ], [ 396856.903073765570298, 1437633.616978622507304 ], [ 396855.140700000338256, 1437639.381699999794364 ], [ 396854.208566054119729, 1437643.810630009276792 ], [ 396853.471257898025215, 1437648.541997140506282 ], [ 396852.947022877866402, 1437653.472931077936664 ], [ 396852.654108340153471, 1437658.500561506487429 ], [ 396852.610761630756315, 1437663.522018112009391 ], [ 396852.835230095894076, 1437668.43443057872355 ], [ 396853.345761081844103, 1437673.13492859271355 ], [ 396854.160601934650913, 1437677.52064183820039 ], [ 396855.298000000417233, 1437681.488700000569224 ], [ 396867.0023703094339, 1437693.009312419220805 ], [ 396887.447705709782895, 1437698.217461839783937 ], [ 396911.342835956020281, 1437700.788635051576421 ], [ 396933.396590801537968, 1437704.398318842053413 ], [ 396948.317800000309944, 1437712.721999999135733 ], [ 396952.091800616530236, 1437718.736615384463221 ], [ 396954.626874546753243, 1437725.698617588728666 ], [ 396956.040259797126055, 1437733.492028267821297 ], [ 396956.449194373679347, 1437742.000869076699018 ], [ 396955.970916282502003, 1437751.109161671018228 ], [ 396954.72266352979932, 1437760.700927705969661 ], [ 396952.821674121834803, 1437770.660188837442547 ], [ 396950.385186064639129, 1437780.870966720627621 ], [ 396947.530437364242971, 1437791.217283010715619 ], [ 396944.374666026909836, 1437801.583159362897277 ], [ 396941.035110058670398, 1437811.852617433294654 ], [ 396937.629007465788163, 1437821.909678876865655 ], [ 396934.273596254177392, 1437831.638365348801017 ], [ 396931.086114430159796, 1437840.922698504989967 ], [ 396928.183799999766052, 1437849.64670000039041 ], [ 396892.865915093745571, 1437911.604594937060028 ], [ 396838.393123296787962, 1437963.108905066270381 ], [ 396774.83962395315757, 1438010.051457727560773 ], [ 396712.279616406245623, 1438058.324080259539187 ], [ 396660.787299999967217, 1438113.818600000813603 ], [ 396642.549635460600257, 1438146.257836224511266 ], [ 396628.268820756115019, 1438182.666262968210503 ], [ 396616.19318483187817, 1438221.133528011618182 ], [ 396604.571056633198168, 1438259.749279133742675 ], [ 396591.650765105383471, 1438296.603164114290848 ], [ 396575.680639193684328, 1438329.784830732736737 ], [ 396554.909007843583822, 1438357.383926768088713 ], [ 396527.58420000039041, 1438377.4901 ], [ 396507.494259851460811, 1438385.058566197752953 ], [ 396486.102547426475212, 1438391.083359927404672 ], [ 396465.730100000277162, 1438398.775900000706315 ], [ 396450.318315202312078, 1438407.514407906681299 ], [ 396435.436644991103094, 1438417.838287628022954 ], [ 396421.162624343356583, 1438429.515403968282044 ], [ 396407.573788236128166, 1438442.313621731009334 ], [ 396394.747671646415256, 1438456.00080571975559 ], [ 396382.761809550982434, 1438470.344820737373084 ], [ 396371.693736926768906, 1438485.113531587878242 ], [ 396361.620988750946708, 1438500.074803074588999 ], [ 396352.621100000105798, 1438514.996500000357628 ], [ 396341.068610543676186, 1438539.290257296990603 ], [ 396332.604456737230066, 1438565.485401679063216 ], [ 396326.870082666689996, 1438593.213599880225956 ], [ 396323.506932418211363, 1438622.106518637854606 ], [ 396322.156450077542104, 1438651.795824685366824 ], [ 396322.460079730721191, 1438681.913184758042917 ], [ 396324.059265463496558, 1438712.090265590464696 ], [ 396326.595451362081803, 1438741.95873391861096 ], [ 396329.710081512108445, 1438771.15025647636503 ], [ 396333.044599999673665, 1438799.296499999240041 ], [ 396343.553979721909855, 1438857.641739915125072 ], [ 396360.239447458297946, 1438915.506326430011541 ], [ 396382.053868741670158, 1438972.620177887147292 ], [ 396407.950109104916919, 1439028.713212630478665 ], [ 396436.881034080521204, 1439083.515349001158029 ], [ 396467.799509201315232, 1439136.756505343597382 ], [ 396499.658400000073016, 1439188.166600000113249 ], [ 396534.00838731310796, 1439240.199046900728717 ], [ 396570.828564010676928, 1439291.250921058701351 ], [ 396610.176007052010391, 1439340.424581766827032 ], [ 396652.107793395407498, 1439386.822388316970319 ], [ 396696.68099999986589, 1439429.546700000762939 ], [ 396745.681128895550501, 1439469.12433813046664 ], [ 396798.060959967900999, 1439505.134384234435856 ], [ 396852.840286592720076, 1439538.098021273966879 ], [ 396909.038902144879103, 1439568.536432208959013 ], [ 396965.676599999889731, 1439596.970799999311566 ], [ 397072.174179793393705, 1439636.445414165733382 ], [ 397182.195181075949222, 1439668.33690583659336 ], [ 397286.081000000238419, 1439711.57120000012219 ], [ 397374.875719704374205, 1439776.351824856130406 ], [ 397457.858317560807336, 1439851.87756437738426 ], [ 397544.904900000430644, 1439921.1458 ], [ 397568.273390353366267, 1439934.23303195904009 ], [ 397593.824438077921513, 1439945.306019328767434 ], [ 397620.581526762747671, 1439955.195183746516705 ], [ 397647.568139996263199, 1439964.730946850497276 ], [ 397673.807761367352214, 1439974.74373027915135 ], [ 397698.32387446454959, 1439986.06395567022264 ], [ 397720.139962876623031, 1439999.522044661920518 ], [ 397738.279510192165617, 1440015.948418892454356 ], [ 397751.765999999828637, 1440036.173499999567866 ], [ 397755.468186553160194, 1440044.007564843865111 ], [ 397758.757860603218433, 1440051.451339750085026 ], [ 397761.652196806215215, 1440058.696058696368709 ], [ 397764.168369818653446, 1440065.93295566062443 ], [ 397766.323554297094233, 1440073.353264621691778 ], [ 397768.134924897924066, 1440081.148219557944685 ], [ 397769.619656277645845, 1440089.509054447291419 ], [ 397770.794923092704266, 1440098.627003268571571 ], [ 397771.677899999544024, 1440108.693299999460578 ] ] ] } },
{ "type": "Feature", "properties": { "CONTOUR_ELEVATION": 25.530001, "CONTOUR_ELEVATION_1": null, "SHAPE_Length": 11765.811756829562 }, "geometry": { "type": "MultiLineString", "coordinates": [ [ [ 396712.955099999904633, 1435553.852600000798702 ], [ 396699.12990569480462, 1435557.916460174834356 ], [ 396685.955323623667937, 1435561.675082970177755 ], [ 396673.384534805139992, 1435565.110246278811246 ], [ 396661.370720258681104, 1435568.203727996442467 ], [ 396649.867061002762057, 1435570.937306014122441 ], [ 396638.826738056726754, 1435573.292758226627484 ], [ 396628.202932439744473, 1435575.251862527802587 ], [ 396617.948825170635246, 1435576.796396810095757 ], [ 396608.017597268451937, 1435577.90813896805048 ], [ 396598.362429752014577, 1435578.568866894347593 ], [ 396588.936503640608862, 1435578.760358482599258 ], [ 396579.692999953287654, 1435578.464391626883298 ], [ 396570.5850997089874, 1435577.662744219880551 ], [ 396561.565983926528133, 1435576.33719415566884 ], [ 396552.588833625311963, 1435574.469519327627495 ], [ 396543.606829824100714, 1435572.041497629135847 ], [ 396534.573153541947249, 1435569.034906953573227 ], [ 396525.440985797962639, 1435565.431525194784626 ], [ 396516.163507611083332, 1435561.213130245916545 ], [ 396506.693900000303984, 1435556.361500000581145 ], [ 396489.780357337382156, 1435545.903607826447114 ], [ 396473.413209567079321, 1435533.25871750083752 ], [ 396457.673410493182018, 1435518.719067677157 ], [ 396442.641913919942454, 1435502.576897011836991 ], [ 396428.39967365085613, 1435485.124444159446284 ], [ 396415.027643489651382, 1435466.65394777408801 ], [ 396402.606777240114752, 1435447.457646510563791 ], [ 396391.218028706207406, 1435427.827779023908079 ], [ 396380.94235169159947, 1435408.056583968922496 ], [ 396371.860700000077486, 1435388.436300000175834 ], [ 396365.927008170925546, 1435369.18719271896407 ], [ 396362.569841717951931, 1435348.170122493291274 ], [ 396360.066719157854095, 1435326.701888716081157 ], [ 396356.695159007096663, 1435306.099290779791772 ], [ 396350.732679782318883, 1435287.67912807688117 ], [ 396340.456799999810755, 1435272.758199999108911 ], [ 396332.004638506041374, 1435265.86092709726654 ], [ 396322.234153830620926, 1435259.978355027735233 ], [ 396311.566811807802878, 1435254.851240036776289 ], [ 396300.424078272189945, 1435250.220338370883837 ], [ 396289.227419057977386, 1435245.826406276784837 ], [ 396278.398299999535084, 1435241.410199999809265 ], [ 396252.397834369738121, 1435230.983268205076456 ], [ 396225.057433255540673, 1435221.472132167313248 ], [ 396196.614408992871176, 1435212.98144102608785 ], [ 396167.306073917774484, 1435205.615843920269981 ], [ 396137.369740366586484, 1435199.479989988729358 ], [ 396107.042720675293822, 1435194.678528370801359 ], [ 396076.562327179999556, 1435191.316108204890043 ], [ 396046.165872216806747, 1435189.497378630563617 ], [ 396016.090668121818453, 1435189.326988786458969 ], [ 395986.574027231195942, 1435190.909587811445817 ], [ 395957.853261880925857, 1435194.34982484462671 ], [ 395930.165684407227673, 1435199.752349025104195 ], [ 395903.748607146146242, 1435207.221809491980821 ], [ 395878.83934243384283, 1435216.862855383893475 ], [ 395855.675202606362291, 1435228.780135839711875 ], [ 395834.49349999986589, 1435243.078299999237061 ], [ 395820.613572816364467, 1435254.22555308858864 ], [ 395806.382618336530868, 1435266.581305464496836 ], [ 395792.096032319765072, 1435280.023179280338809 ], [ 395778.049210525758099, 1435294.428796688560396 ], [ 395764.537548713735305, 1435309.675779842538759 ], [ 395751.856442643504124, 1435325.641750895418227 ], [ 395740.30128807440633, 1435342.204331999877468 ], [ 395730.167480766074732, 1435359.241145310224965 ], [ 395721.750416477967519, 1435376.629812977975234 ], [ 395715.345490969601087, 1435394.247957157436758 ], [ 395711.248100000433624, 1435411.973200000822544 ], [ 395709.671222066390328, 1435423.119767284020782 ], [ 395708.454717789776623, 1435434.878730710363016 ], [ 395707.684519376722164, 1435447.056188618997112 ], [ 395707.446559033938684, 1435459.45823935023509 ], [ 395707.826768967439421, 1435471.890981242759153 ], [ 395708.911081383703277, 1435484.160512635949999 ], [ 395710.785428488627076, 1435496.072931868722662 ], [ 395713.535742489038967, 1435507.43433728069067 ], [ 395717.247955590835772, 1435518.050827211234719 ], [ 395722.00800000037998, 1435527.728499999269843 ], [ 395745.890888155379798, 1435550.414119584020227 ], [ 395777.490695498825517, 1435568.670074185822159 ], [ 395804.832100000232458, 1435590.5778 ], [ 395813.803366356762126, 1435602.994776317616925 ], [ 395821.811399205413181, 1435616.421852416591719 ], [ 395828.9677537700627, 1435630.579280565492809 ], [ 395835.383985274820589, 1435645.187313033267856 ], [ 395841.171648943563923, 1435659.966202088398859 ], [ 395846.442300000227988, 1435674.636199999600649 ], [ 395854.838751283939928, 1435743.783076260006055 ], [ 395850.632548303110525, 1435816.355605502612889 ], [ 395857.558500000275671, 1435885.132400000467896 ], [ 395893.428649836219847, 1435949.889409705530852 ], [ 395942.290763630706351, 1436010.216527588199824 ], [ 395982.149000000208616, 1436074.14750000089407 ], [ 396000.625158981361892, 1436163.94347490509972 ], [ 396005.788068484864198, 1436259.068153366912156 ], [ 396024.470700000412762, 1436347.687699999660254 ], [ 396090.606611117196735, 1436439.312180406181142 ], [ 396178.408893952728249, 1436520.51172817661427 ], [ 396252.563699999824166, 1436610.003000000491738 ], [ 396287.158778022567276, 1436695.436459444696084 ], [ 396313.065887540171389, 1436786.148438150063157 ], [ 396346.456600000150502, 1436872.823000000789762 ], [ 396395.928894327720627, 1436947.681630147155374 ], [ 396452.460689444444142, 1437018.731640800833702 ], [ 396502.126000000163913, 1437093.304099999368191 ], [ 396530.208500637265388, 1437150.658969743177295 ], [ 396555.127233544422779, 1437210.356322853127494 ], [ 396576.576689328067005, 1437271.833375880960375 ], [ 396594.251358594279736, 1437334.527345379814506 ], [ 396607.8457319495501, 1437397.875447901897132 ], [ 396617.054299999959767, 1437461.314899999648333 ], [ 396621.774079344468191, 1437513.691525083268061 ], [ 396624.052541764220223, 1437566.771498876390979 ], [ 396623.028958301874809, 1437619.75689823133871 ], [ 396617.842600000090897, 1437671.8498 ], [ 396611.230418025166728, 1437709.923848935868591 ], [ 396602.528747352422215, 1437748.055888650240377 ], [ 396591.716914097603876, 1437785.846831378061324 ], [ 396578.774244376749266, 1437822.897589355241507 ], [ 396563.680064305721316, 1437858.809074817225337 ], [ 396546.41370000038296, 1437893.182199999690056 ], [ 396533.447483641502913, 1437916.15167714538984 ], [ 396519.455555717693642, 1437939.258162021171302 ], [ 396504.475694810331333, 1437961.841520685935393 ], [ 396488.54567950067576, 1437983.241619198350236 ], [ 396471.703288370161317, 1438002.798323617316782 ], [ 396453.986299999989569, 1438019.851500000804663 ], [ 396405.306541025754996, 1438045.670279836282134 ], [ 396348.021864725626074, 1438052.514284818200395 ], [ 396284.644384718674701, 1438046.651183892274275 ], [ 396217.686214623856358, 1438034.348646003054455 ], [ 396149.659468059777282, 1438021.874340094858781 ], [ 396083.076258645451162, 1438015.495935112470761 ], [ 396020.448699999600649, 1438021.481100000441074 ], [ 395975.73750163364457, 1438035.460729444632307 ], [ 395931.372487382555846, 1438051.728122975444421 ], [ 395886.417200000025332, 1438064.093900000676513 ], [ 395866.931047682359349, 1438067.673857516143471 ], [ 395846.811890291923191, 1438071.225799004547298 ], [ 395826.286583257315215, 1438074.468070682371035 ], [ 395805.581982007774059, 1438077.11901876796037 ], [ 395784.924941971665248, 1438078.896989478264004 ], [ 395764.542318577936385, 1438079.520329030230641 ], [ 395744.660967255127616, 1438078.707383641041815 ], [ 395725.507743432128336, 1438076.176499528344721 ], [ 395707.309502537653316, 1438071.64602290885523 ], [ 395690.293100000359118, 1438064.834300000220537 ], [ 395668.311888446391094, 1438046.987356089288369 ], [ 395649.411665866093244, 1438021.471871857764199 ], [ 395631.139909063116647, 1437994.392109582666308 ], [ 395611.044094839948229, 1437971.852331538219005 ], [ 395586.671699999831617, 1437959.956800000742078 ], [ 395578.718433277739678, 1437958.988544051302597 ], [ 395570.43582389166113, 1437958.598718208028004 ], [ 395562.000897866906598, 1437958.708640340715647 ], [ 395553.590681228030007, 1437959.239628315437585 ], [ 395545.38219999987632, 1437960.112999999895692 ], [ 395534.306083093746565, 1437961.96836533723399 ], [ 395523.169381470419466, 1437964.701962061459199 ], [ 395512.080717772245407, 1437968.244078054092824 ], [ 395501.148714641807601, 1437972.525001195725054 ], [ 395490.481994721922092, 1437977.475019368575886 ], [ 395480.189180655230302, 1437983.024420453933999 ], [ 395470.378895084257238, 1437989.10349233308807 ], [ 395461.159760651644319, 1437995.642522887792438 ], [ 395452.640399999916553, 1438002.57179999910295 ], [ 395436.576783232972957, 1438021.584401631727815 ], [ 395424.339956227340735, 1438044.73670554952696 ], [ 395413.985407605359796, 1438069.985628652153537 ], [ 395403.568625989020802, 1438095.288087836001068 ], [ 395391.145100000314415, 1438118.600999999791384 ], [ 395365.466039805382024, 1438154.987770997919142 ], [ 395336.845293356629554, 1438189.945821751840413 ], [ 395305.604895842494443, 1438223.320998519193381 ], [ 395272.066882451472338, 1438254.959147556684911 ], [ 395236.55328837223351, 1438284.706115121487528 ], [ 395199.386148793215398, 1438312.407747471472248 ], [ 395160.887498902913649, 1438337.909890863345936 ], [ 395121.379373889998533, 1438361.058391555212438 ], [ 395081.183808942791075, 1438381.699095803778619 ], [ 395040.622839250077959, 1438399.677849866449833 ], [ 395000.018500000238419, 1438414.840500000864267 ], [ 394886.736503746418748, 1438434.447692379821092 ], [ 394767.112138299271464, 1438437.147755907149985 ], [ 394649.183699999935925, 1438447.758400000631809 ], [ 394490.265417416405398, 1438501.216559080174193 ], [ 394334.800612065009773, 1438570.781000927789137 ], [ 394175.00789999961853, 1438618.004200000315905 ], [ 394102.170147942786571, 1438620.462477273307741 ], [ 394028.525848486053292, 1438618.757705900352448 ], [ 393958.282999999821186, 1438629.363199999555945 ], [ 393934.762501938967034, 1438638.160416110651568 ], [ 393911.476027550699655, 1438648.745107710827142 ], [ 393888.608983498706948, 1438660.84769334946759 ], [ 393866.346776446967851, 1438674.198591577354819 ], [ 393844.874813059344888, 1438688.528220944106579 ], [ 393824.378499999642372, 1438703.566999999806285 ], [ 393769.470122278027702, 1438762.687727386597544 ], [ 393722.522192265838385, 1438831.667460362892598 ], [ 393670.276700000278652, 1438893.646099999547005 ], [ 393647.224406797962729, 1438910.444775095675141 ], [ 393619.902879835688509, 1438924.425999413244426 ], [ 393589.21943679015385, 1438936.082703073509037 ], [ 393556.081395337474532, 1438945.907816197955981 ], [ 393521.396073154523037, 1438954.394268908072263 ], [ 393486.070787917822599, 1438962.034991325810552 ], [ 393451.012857303954661, 1438969.322913573589176 ], [ 393417.129598989442457, 1438976.750965771498159 ], [ 393385.328330650867429, 1438984.81207804242149 ], [ 393356.516369964636397, 1438993.999180507147685 ], [ 393331.60103460738901, 1439004.805203287629411 ], [ 393311.489642255823128, 1439017.723076505586505 ], [ 393297.089510586229153, 1439033.245730282273144 ], [ 393289.307957275363151, 1439051.866094739874825 ], [ 393289.052299999631941, 1439074.077099999412894 ], [ 393290.883767210529186, 1439084.16708331531845 ], [ 393293.362706312909722, 1439095.157906071981415 ], [ 393296.462523545138538, 1439106.659417003858835 ], [ 393300.156625145755243, 1439118.281464845640585 ], [ 393304.418417353066616, 1439129.633898331783712 ], [ 393309.22130640555406, 1439140.326566196512431 ], [ 393314.538698541582562, 1439149.969317174516618 ], [ 393320.343999999575317, 1439158.17200000025332 ], [ 393361.123442810145207, 1439172.309625878464431 ], [ 393418.013492898317054, 1439161.383463755948469 ], [ 393477.678671537141781, 1439148.652169755194336 ], [ 393526.783499999903142, 1439157.374399999156594 ], [ 393557.623321127262898, 1439194.699839289998636 ], [ 393588.99959999974817, 1439230.823200000450015 ], [ 393600.619785379385576, 1439236.550963475601748 ], [ 393613.250440452713519, 1439240.465165815316141 ], [ 393626.718421145284083, 1439242.784858924336731 ], [ 393640.850583382125478, 1439243.729094706475735 ], [ 393655.473783088324126, 1439243.516925066243857 ], [ 393670.414876189490315, 1439242.367401908151805 ], [ 393685.500718610594049, 1439240.499577136011794 ], [ 393700.558166277012788, 1439238.132502655033022 ], [ 393715.414075113949366, 1439235.485230369027704 ], [ 393729.895301046664827, 1439232.776812182040885 ], [ 393743.828700000420213, 1439230.226299999281764 ], [ 393810.003058952977881, 1439205.728632451267913 ], [ 393873.99082638474647, 1439170.406783373327926 ], [ 393939.621700000017881, 1439145.256899999454618 ], [ 394026.435179225984029, 1439149.877078616060317 ], [ 394115.680220343696419, 1439169.551797073567286 ], [ 394197.751500000245869, 1439165.319499999284744 ], [ 394268.638062424492091, 1439104.665778374066576 ], [ 394341.815200000070035, 1439048.970599999651313 ], [ 394361.478305939643178, 1439045.641961308429018 ], [ 394382.08584183169296, 1439044.670242947060615 ], [ 394403.183814754127525, 1439045.323323932709172 ], [ 394424.318231784272939, 1439046.869083278579637 ], [ 394445.035099999979138, 1439048.575400000438094 ], [ 394563.916600135096814, 1439082.108966446714476 ], [ 394678.56938895402709, 1439139.51615276816301 ], [ 394796.504499999806285, 1439184.083200000226498 ], [ 394840.965588171093259, 1439192.868577734800056 ], [ 394885.855271255131811, 1439199.977476672269404 ], [ 394930.769700000062585, 1439204.62529999949038 ], [ 394986.064442682196386, 1439206.330363646382466 ], [ 395041.833610567962751, 1439203.959340017754585 ], [ 395097.640026949928142, 1439197.889605476986617 ], [ 395153.046515120891854, 1439188.498536385595798 ], [ 395207.615898373478558, 1439176.163509105797857 ], [ 395260.911000000312924, 1439161.261900000274181 ], [ 395351.086034454172477, 1439120.404220453929156 ], [ 395438.621167822275311, 1439070.261709672398865 ], [ 395528.802500000223517, 1439033.922700000926852 ], [ 395574.94628147140611, 1439025.187271371949464 ], [ 395622.534910912276246, 1439019.972087837290019 ], [ 395671.075279484968632, 1439018.115120225120336 ], [ 395720.074278351617977, 1439019.454339363845065 ], [ 395769.038798674358986, 1439023.827716082567349 ], [ 395817.475731615209952, 1439031.073221208993345 ], [ 395864.891968336421996, 1439041.028825572226197 ], [ 395910.794400000013411, 1439053.532500000670552 ], [ 395948.5762103695306, 1439066.010507875820622 ], [ 395986.325742144603282, 1439080.468244159594178 ], [ 396023.590521160163917, 1439096.900040182750672 ], [ 396059.918073251319584, 1439115.300227276515216 ], [ 396094.85592425300274, 1439135.663136772345752 ], [ 396127.95160000026226, 1439157.9831000007689 ], [ 396157.031007227022201, 1439180.180474582128227 ], [ 396185.539487384085078, 1439204.177813992137089 ], [ 396213.03756383957807, 1439229.850567274726927 ], [ 396239.085759961279109, 1439257.07418347382918 ], [ 396263.244599116733298, 1439285.724111632211134 ], [ 396285.074604673776776, 1439315.675800793105736 ], [ 396304.136300000362098, 1439346.804700000211596 ], [ 396319.035441326792352, 1439375.969615837559104 ], [ 396332.307217315130401, 1439406.577583600068465 ], [ 396343.834559570881538, 1439438.259284592000768 ], [ 396353.500399699783884, 1439470.645400119712576 ], [ 396361.187669307517353, 1439503.366611487464979 ], [ 396366.779299999587238, 1439536.053600000217557 ], [ 396367.244108254089952, 1439585.503224340733141 ], [ 396363.40006819361588, 1439635.682600384578109 ], [ 396367.333200000226498, 1439683.428400000557303 ], [ 396372.059116878313944, 1439699.243428389541805 ], [ 396377.891543287376408, 1439714.749428698560223 ], [ 396384.797740379814059, 1439729.948376273736358 ], [ 396392.744969307794236, 1439744.842246460961178 ], [ 396401.700491223775316, 1439759.433014606591314 ], [ 396411.631567280157469, 1439773.722656057216227 ], [ 396422.505458629224449, 1439787.713146158494055 ], [ 396434.289426423492841, 1439801.406460257712752 ], [ 396446.950731815188192, 1439814.804573699599132 ], [ 396460.45663595671067, 1439827.909461831441149 ], [ 396474.774400000460446, 1439840.723099999129772 ] ] ] } },
{ "type": "Feature", "properties": { "CONTOUR_ELEVATION": 25.030001, "CONTOUR_ELEVATION_1": null, "SHAPE_Length": 9792.4395166577142 }, "geometry": { "type": "MultiLineString", "coordinates": [ [ [ 396905.019899999722838, 1435446.181800000369549 ], [ 396905.52334364404669, 1435464.901987959863618 ], [ 396906.145803420280572, 1435483.903068295447156 ], [ 396906.215441374632064, 1435502.589564652647823 ], [ 396905.06041955249384, 1435520.366000672802329 ], [ 396902.008899999782443, 1435536.636900000274181 ], [ 396896.188359787513036, 1435554.085220591630787 ], [ 396888.649567153537646, 1435570.718991386238486 ], [ 396879.507275487470906, 1435586.541868654545397 ], [ 396868.87623817921849, 1435601.557508669327945 ], [ 396856.87120861839503, 1435615.769567700568587 ], [ 396843.606940195022617, 1435629.181702020810917 ], [ 396829.198186299065128, 1435641.797567902831361 ], [ 396813.759700320078991, 1435653.620821616379544 ], [ 396797.406235648144502, 1435664.655119434697554 ], [ 396780.252545672701672, 1435674.904117628466338 ], [ 396762.413383783947211, 1435684.371472469531 ], [ 396744.003503371495754, 1435693.060840230202302 ], [ 396725.137657825194765, 1435700.975877180928364 ], [ 396705.930600534949917, 1435708.120239594485611 ], [ 396686.497084890608676, 1435714.497583742020652 ], [ 396666.95186428190209, 1435720.11156589537859 ], [ 396647.409692098619416, 1435724.965842326171696 ], [ 396627.985321730724536, 1435729.064069306012243 ], [ 396608.79350656789029, 1435732.409903106512502 ], [ 396589.949000000022352, 1435735.006999999284744 ], [ 396568.320498676097486, 1435737.325760142644867 ], [ 396545.881141393969301, 1435739.09061292395927 ], [ 396522.991618821921293, 1435740.071014146786183 ], [ 396500.012621628120542, 1435740.036419614451006 ], [ 396477.304840480675921, 1435738.756285130279139 ], [ 396455.228966048103757, 1435736.000066497595981 ], [ 396434.145688998338301, 1435731.537219519726932 ], [ 396414.415699999779463, 1435725.137199999764562 ], [ 396327.399677488021553, 1435621.751549548236653 ], [ 396238.131599999964237, 1435515.260299999266863 ], [ 396228.320824164664373, 1435511.014591159997508 ], [ 396218.169309988385066, 1435506.724926623981446 ], [ 396207.776747071591672, 1435502.673044435214251 ], [ 396197.242825014342088, 1435499.140682636061683 ], [ 396186.667233416577801, 1435496.409579268656671 ], [ 396176.149661878531333, 1435494.761472375597805 ], [ 396165.789800000376999, 1435494.4781 ], [ 396158.729379877273459, 1435495.095397570403293 ], [ 396151.467673748673405, 1435496.251982296351343 ], [ 396144.11098491580924, 1435497.903998038033023 ], [ 396136.765616679796949, 1435500.007588655687869 ], [ 396129.537872342101764, 1435502.518898010253906 ], [ 396122.534055204014294, 1435505.39406996127218 ], [ 396115.86046856676694, 1435508.589248369913548 ], [ 396109.623415731766727, 1435512.060577095951885 ], [ 396103.92920000012964, 1435515.7642 ], [ 396095.426566782349255, 1435523.228497249307111 ], [ 396088.410885875637177, 1435532.329520149389282 ], [ 396082.714673852839042, 1435542.839696608949453 ], [ 396078.170447287440766, 1435554.53145453822799 ], [ 396074.610722752229776, 1435567.177221845369786 ], [ 396071.868016820691992, 1435580.54942644177936 ], [ 396069.774846065673046, 1435594.420496235601604 ], [ 396068.163727060484234, 1435608.562859136378393 ], [ 396066.867176378204022, 1435622.748943053884432 ], [ 396065.71771059196908, 1435636.751175897195935 ], [ 396064.547846274916083, 1435650.34198557632044 ], [ 396063.190100000239909, 1435663.293800000101328 ], [ 396060.688896443054546, 1435688.409879673272371 ], [ 396059.283697462058626, 1435713.89101411961019 ], [ 396059.176580259751063, 1435739.446198730962351 ], [ 396060.569622038397938, 1435764.784428894519806 ], [ 396063.664900000207126, 1435789.614700000733137 ], [ 396071.145589081163052, 1435822.333604872459546 ], [ 396082.123817947809584, 1435854.530600744299591 ], [ 396095.614922274311539, 1435886.134994180873036 ], [ 396110.63423773390241, 1435917.076091744937003 ], [ 396126.197100000455976, 1435947.28319999948144 ], [ 396171.969305339211132, 1436015.320197090739384 ], [ 396224.855064901872538, 1436079.285473688971251 ], [ 396271.470999999903142, 1436146.74860000051558 ], [ 396305.467658351466525, 1436229.36410359875299 ], [ 396332.068956885486841, 1436316.105373539961874 ], [ 396365.325500000268221, 1436399.041999999433756 ], [ 396430.631679847894702, 1436492.095105947926641 ], [ 396506.837301420746371, 1436578.917283297516406 ], [ 396572.808299999684095, 1436671.9638 ], [ 396599.662124971218873, 1436726.667876266408712 ], [ 396623.614906303817406, 1436783.136250496841967 ], [ 396645.698099999688566, 1436840.121200000867248 ], [ 396681.208280813472811, 1436941.126577728660777 ], [ 396712.226246146194171, 1437045.089308621361852 ], [ 396738.144099926226772, 1437151.319324660114944 ], [ 396758.353946082119364, 1437259.126557827694342 ], [ 396772.247888542537112, 1437367.820940107805654 ], [ 396779.218031235912349, 1437476.712403482291847 ], [ 396778.656478090910241, 1437585.110879933927208 ], [ 396769.955333036021329, 1437692.326301445951685 ], [ 396752.506699999794364, 1437797.668600000441074 ], [ 396746.821803261933383, 1437826.152509379433468 ], [ 396740.586963403155096, 1437854.600402135401964 ], [ 396732.176900000311434, 1437881.959799999371171 ], [ 396720.403833571763244, 1437907.665695428149775 ], [ 396705.574463273747824, 1437932.056991396239027 ], [ 396688.35498471383471, 1437955.30597706628032 ], [ 396669.411593499185983, 1437977.584941599983722 ], [ 396649.410485237080138, 1437999.06617415882647 ], [ 396629.017855534795672, 1438019.921963904984295 ], [ 396608.89989999961108, 1438040.3246 ], [ 396571.780368301260751, 1438075.957606637850404 ], [ 396532.049764357507229, 1438109.668640380725265 ], [ 396490.167332141194493, 1438141.230889352969825 ], [ 396446.592315624875482, 1438170.417541678063571 ], [ 396401.7839587808121, 1438197.001785478554666 ], [ 396356.201505581731908, 1438220.756808878155425 ], [ 396310.30420000012964, 1438241.455800000578165 ], [ 396130.95200368470978, 1438272.950134658487514 ], [ 395939.285403385409154, 1438267.875528291799128 ], [ 395753.061900000087917, 1438285.662599999457598 ], [ 395628.822918992373161, 1438335.585393615765497 ], [ 395507.407984359771945, 1438397.367825195658952 ], [ 395382.059799999929965, 1438444.9704 ], [ 395312.830434294126462, 1438454.981059069745243 ], [ 395242.543349902378395, 1438461.178739395458251 ], [ 395175.73589999973774, 1438477.334100000560284 ], [ 395133.642592574993614, 1438499.469777126098052 ], [ 395093.191304073203355, 1438526.304292192915455 ], [ 395052.14989999961108, 1438551.492499999701977 ], [ 394788.34192766668275, 1438612.92168801301159 ], [ 394505.413716267794371, 1438621.012525080237538 ], [ 394247.545400000177324, 1438691.414899999275804 ], [ 394237.173388451104984, 1438697.244969063904136 ], [ 394225.977408805745654, 1438702.799588400637731 ], [ 394214.194727982685436, 1438708.185079048154876 ], [ 394202.062612900976092, 1438713.507762046530843 ], [ 394189.818330479378346, 1438718.873958435142413 ], [ 394177.699147636769339, 1438724.389989253599197 ], [ 394165.942331292084418, 1438730.162175541277975 ], [ 394154.785148363967892, 1438736.296838337089866 ], [ 394144.464865771355107, 1438742.900298680644482 ], [ 394135.218750433064997, 1438750.078877612017095 ], [ 394127.284069268032908, 1438757.938896170118824 ], [ 394120.898089195019566, 1438766.58667539479211 ], [ 394116.298077132785693, 1438776.128536324948072 ], [ 394113.721300000324845, 1438786.670800000429153 ], [ 394113.206796103506349, 1438790.509868056047708 ], [ 394112.698529433459044, 1438794.597808070480824 ], [ 394112.269046219298616, 1438798.825683270348236 ], [ 394111.990892690024339, 1438803.084556882968172 ], [ 394111.936615074402653, 1438807.265492135193199 ], [ 394112.178759601607453, 1438811.259552253875881 ], [ 394112.789872500579804, 1438814.957800466567278 ], [ 394113.84250000026077, 1438818.251299999654293 ], [ 394115.492674129083753, 1438821.191130719380453 ], [ 394117.73494812217541, 1438823.767147556645796 ], [ 394120.499837568670046, 1438826.014529173960909 ], [ 394123.717858058225829, 1438827.968454234302044 ], [ 394127.319525180268101, 1438829.664101399946958 ], [ 394131.235354524338618, 1438831.136649334570393 ], [ 394135.395861679746304, 1438832.421276700682938 ], [ 394139.731562235916499, 1438833.553162160329521 ], [ 394144.172971782449167, 1438834.56748437625356 ], [ 394148.650605908653233, 1438835.499422011431307 ], [ 394153.094980204012245, 1438836.384153728606179 ], [ 394157.436610257951543, 1438837.256858190521598 ], [ 394161.606011660012882, 1438838.152714059688151 ], [ 394165.533699999563396, 1438839.106899999082088 ], [ 394177.787517162505537, 1438841.949980160454288 ], [ 394190.421451920003165, 1438844.136584390886128 ], [ 394203.311386559391394, 1438845.638261642539874 ], [ 394216.333203367772512, 1438846.426560869207606 ], [ 394229.36278463259805, 1438846.473031024914235 ], [ 394242.276012640853878, 1438845.749221062287688 ], [ 394254.948769679991528, 1438844.226679935120046 ], [ 394267.256938037171494, 1438841.876956596039236 ], [ 394279.076399999670684, 1438838.671599999070168 ], [ 394310.679263430472929, 1438820.198881052201614 ], [ 394340.189481937559322, 1438794.775215757312253 ], [ 394371.733300000429153, 1438775.154899999499321 ], [ 394378.098942270560656, 1438772.853462658356875 ], [ 394384.910890493076295, 1438770.479639834957197 ], [ 394392.087658156233374, 1438768.089325001463294 ], [ 394399.547758747823536, 1438765.738411627942696 ], [ 394407.209705756045878, 1438763.482793185627088 ], [ 394414.992012669041287, 1438761.378363146446645 ], [ 394422.813192974601407, 1438759.48101498093456 ], [ 394430.591760161041748, 1438757.846642160089687 ], [ 394438.246227716153953, 1438756.531138154212385 ], [ 394445.695109128253534, 1438755.590396435465664 ], [ 394452.856917885015719, 1438755.080310474149883 ], [ 394459.650167474872433, 1438755.056773742195219 ], [ 394465.993371385731734, 1438755.575679709669203 ], [ 394471.805043105501682, 1438756.69292184850201 ], [ 394477.003696122381371, 1438758.464393628994003 ], [ 394481.507843924453482, 1438760.945988523075357 ], [ 394485.235999999567866, 1438764.193600000813603 ], [ 394490.899577949079685, 1438780.658168992726132 ], [ 394490.948418407235295, 1438803.793081637239084 ], [ 394490.802074661594816, 1438828.172003463376313 ], [ 394495.880099999718368, 1438848.368599999696016 ], [ 394501.555781898088753, 1438856.225771989207715 ], [ 394508.712481584923808, 1438863.218453126261011 ], [ 394517.097674731165171, 1438869.451720646815374 ], [ 394526.458837008452974, 1438875.030651790555567 ], [ 394536.543444087496027, 1438880.060323793208227 ], [ 394547.098971639643423, 1438884.64581389259547 ], [ 394557.872895335662179, 1438888.892199325375259 ], [ 394568.612690847134218, 1438892.90455732983537 ], [ 394579.065833844710141, 1438896.787965142400935 ], [ 394588.979799999855459, 1438900.64750000089407 ], [ 394627.196102117130067, 1438912.202188076917082 ], [ 394666.803436241752934, 1438917.166538801742718 ], [ 394707.534481861046515, 1438916.597301341826096 ], [ 394749.121918462857138, 1438911.551224865019321 ], [ 394791.29842553450726, 1438903.085058538243175 ], [ 394833.796682563319337, 1438892.255551528418437 ], [ 394876.349369036732242, 1438880.119453002233058 ], [ 394918.68916444235947, 1438867.733512127306312 ], [ 394960.548748267523479, 1438856.154478070791811 ], [ 395001.660799999721348, 1438846.439099999144673 ], [ 395156.405645485850982, 1438798.191182333277538 ], [ 395309.293789344723336, 1438740.910820233169943 ], [ 395465.634200000204146, 1438707.826999999582767 ], [ 395506.976370840275194, 1438705.45155416848138 ], [ 395548.545077094284352, 1438704.664207092253491 ], [ 395589.499200000427663, 1438707.357999999076128 ], [ 395662.628154376230668, 1438730.117192914709449 ], [ 395733.601717695011757, 1438765.084537484450266 ], [ 395806.581000000238419, 1438790.752800000831485 ], [ 395851.362714714952745, 1438794.439693990396336 ], [ 395896.819669467047788, 1438794.996208277530968 ], [ 395940.807300000451505, 1438800.77309999987483 ], [ 395968.191344359074719, 1438809.782752041472122 ], [ 395994.908754185948055, 1438821.752476425375789 ], [ 396021.001677072257735, 1438835.940853282110766 ], [ 396046.512260609306395, 1438851.606462742900476 ], [ 396071.482652388163842, 1438868.007884938269854 ], [ 396095.955000000074506, 1438884.403699999675155 ], [ 396134.270451816671994, 1438910.886477934895083 ], [ 396172.2488555990858, 1438939.266955152153969 ], [ 396209.383751381537877, 1438969.515690275700763 ], [ 396245.168679198308382, 1439001.603241929085925 ], [ 396279.097179083852097, 1439035.50016873748973 ], [ 396310.662791072507389, 1439071.177029324695468 ], [ 396339.359055198612623, 1439108.60438231495209 ], [ 396364.67951149638975, 1439147.752786332275718 ], [ 396386.117700000293553, 1439188.592800000682473 ], [ 396405.385451327601913, 1439243.362979059340432 ], [ 396420.187671605090145, 1439300.857400970766321 ], [ 396438.359600000083447, 1439356.827199999243021 ], [ 396474.879847700765822, 1439424.162618561647832 ], [ 396517.180108592030592, 1439488.882889209780842 ], [ 396552.64989999961108, 1439556.409499999135733 ], [ 396568.404205624712631, 1439598.368689932627603 ], [ 396582.490337401570287, 1439640.943188883597031 ], [ 396594.435536366188899, 1439684.373952868860215 ], [ 396603.767043553700205, 1439728.901937902905047 ], [ 396610.012099999934435, 1439774.768100000917912 ] ] ] } },
{ "type": "Feature", "properties": { "CONTOUR_ELEVATION": 18.049999, "CONTOUR_ELEVATION_1": null, "SHAPE_Length": 1279.4599739734713 }, "geometry": { "type": "MultiLineString", "coordinates": [ [ [ 399381.545099999755621, 1439943.829299999400973 ], [ 399361.221256173972506, 1439934.434866216499358 ], [ 399340.894199999980628, 1439925.05629999935627 ], [ 399335.836615016742144, 1439921.791322119068354 ], [ 399331.31450715434039, 1439919.273089017020538 ], [ 399327.246977136586793, 1439917.416475287871435 ], [ 399323.553125686827116, 1439916.136355525115505 ], [ 399320.1520535289892, 1439915.34760432341136 ], [ 399316.962861386418808, 1439914.965096276020631 ], [ 399313.904649982869159, 1439914.90370597760193 ], [ 399310.89652004186064, 1439915.078308021882549 ], [ 399307.85757228708826, 1439915.403777003055438 ], [ 399304.706907442072406, 1439915.794987514615059 ], [ 399301.363626230508089, 1439916.166814151452854 ], [ 399297.746829375915695, 1439916.434131507296115 ], [ 399293.775617601990234, 1439916.511814175872132 ], [ 399289.369091632310301, 1439916.314736751373857 ], [ 399284.44635219045449, 1439915.757773827761412 ], [ 399278.926500000059605, 1439914.755799999460578 ], [ 399266.366103768814355, 1439912.40055929729715 ], [ 399253.467989472206682, 1439910.654997038654983 ], [ 399240.352228104660753, 1439909.557474459288642 ], [ 399227.138890660367906, 1439909.146352794952691 ], [ 399213.948048133519478, 1439909.459993281168863 ], [ 399200.899771518306807, 1439910.536757153226063 ], [ 399188.114131808979437, 1439912.415005647577345 ], [ 399175.711199999786913, 1439915.133099999278784 ], [ 399164.63166443654336, 1439918.315240028314292 ], [ 399153.318222903530113, 1439922.194634379353374 ], [ 399141.998865609057248, 1439926.725368031067774 ], [ 399130.901582761260215, 1439931.861525959335268 ], [ 399120.254364568274468, 1439937.5571931428276 ], [ 399110.285201238235459, 1439943.766454559052363 ], [ 399101.222082979278639, 1439950.443395185284317 ], [ 399093.292999999597669, 1439957.542099999263883 ], [ 399086.802633530576713, 1439964.976615271298215 ], [ 399081.058803990425076, 1439973.452974599320441 ], [ 399076.047175309155136, 1439982.858856700826436 ], [ 399071.75341141683748, 1439993.08194029238075 ], [ 399068.163176243077032, 1440004.009904089616612 ], [ 399065.262133717769757, 1440015.53042680863291 ], [ 399063.035947770811617, 1440027.531187165994197 ], [ 399061.470282332389615, 1440039.899863878963515 ], [ 399060.550801331992261, 1440052.524135662708431 ], [ 399060.26316869945731, 1440065.291681233560666 ], [ 399060.59304836508818, 1440078.090179308317602 ], [ 399061.526104258489795, 1440090.807308603078127 ], [ 399063.048000309499912, 1440103.330747834406793 ], [ 399065.144400448072702, 1440115.548175718635321 ], [ 399067.800968604104128, 1440127.347270971629769 ], [ 399071.003368707490154, 1440138.615712309954688 ], [ 399074.737264688010328, 1440149.24117845017463 ], [ 399078.988320475618821, 1440159.111348107922822 ], [ 399083.742200000211596, 1440168.113900000229478 ], [ 399090.526851307135075, 1440178.408926875796169 ], [ 399098.603898678557016, 1440188.505171315744519 ], [ 399107.785993480996694, 1440198.317890326026827 ], [ 399117.88578708213754, 1440207.76234091585502 ], [ 399128.715930848440621, 1440216.753780091414228 ], [ 399140.089076146832667, 1440225.207464859355241 ], [ 399151.817874344182201, 1440233.038652227027342 ], [ 399163.714976807706989, 1440240.162599201779813 ], [ 399175.593034904042725, 1440246.494562790263444 ], [ 399187.264700000174344, 1440251.949799999594688 ], [ 399199.061299799825065, 1440256.650489365449175 ], [ 399211.603291706705932, 1440260.855890283593908 ], [ 399224.760767219180707, 1440264.523757142247632 ], [ 399238.403817835613154, 1440267.611844329163432 ], [ 399252.402535054192413, 1440270.077906231861562 ], [ 399266.627010373340454, 1440271.879697238793597 ], [ 399280.947335291537456, 1440272.974971738178283 ], [ 399295.233601307030767, 1440273.321484117303044 ], [ 399309.355899918242358, 1440272.876988764619455 ], [ 399323.18432262330316, 1440271.59924006764777 ], [ 399336.588960920693353, 1440269.445992414839566 ], [ 399349.439906308776699, 1440266.375000193715096 ], [ 399361.607250285858754, 1440262.344017792260274 ], [ 399372.961084350303281, 1440257.310799598693848 ], [ 399383.371500000357628, 1440251.2331000007689 ], [ 399392.256770743813831, 1440244.710897513199598 ], [ 399401.03154576336965, 1440237.146416286239401 ], [ 399409.596023393271025, 1440228.682328553404659 ], [ 399417.850401968462393, 1440219.461306551704183 ], [ 399425.694879823364317, 1440209.626022513955832 ], [ 399433.029655292397365, 1440199.319148675305769 ], [ 399439.754926709923893, 1440188.683357269503176 ], [ 399445.770892410771921, 1440177.86132053239271 ], [ 399450.977750729362015, 1440166.995710697490722 ], [ 399455.275700000114739, 1440156.2292 ], [ 399458.903885049337987, 1440144.748857836937532 ], [ 399461.872825153113808, 1440132.544232933782041 ], [ 399464.15736477507744, 1440119.792733257403597 ], [ 399465.732348378223833, 1440106.671766774263233 ], [ 399466.5726204260136, 1440093.35874145058915 ], [ 399466.65302538202377, 1440080.031065254006535 ], [ 399465.948407709365711, 1440066.866146149812266 ], [ 399464.433611871558242, 1440054.041392106330022 ], [ 399462.083482331829146, 1440041.734211089089513 ], [ 399458.872863553697243, 1440030.122011065017432 ], [ 399454.776600000448525, 1440019.382200000807643 ], [ 399451.127328196249437, 1440011.794930075295269 ], [ 399447.015606386703439, 1440004.433246506610885 ], [ 399442.441434481821489, 1439997.297149395104498 ], [ 399437.404812391265295, 1439990.386638840194792 ], [ 399431.905740024929401, 1439983.701714942231774 ], [ 399425.944217292591929, 1439977.242377801099792 ], [ 399419.520244104089215, 1439971.008627516683191 ], [ 399412.633820369257592, 1439965.000464188866317 ], [ 399405.284945997875184, 1439959.217887917999178 ], [ 399397.473620899778325, 1439953.660898803267628 ], [ 399389.199844984803349, 1439948.329496945021674 ], [ 399380.463618162670173, 1439943.223682443378493 ], [ 399371.264940343389753, 1439938.343455397989601 ], [ 399361.603811436565593, 1439933.688815908972174 ], [ 399351.48023135215044, 1439929.259764075977728 ], [ 399340.894199999980628, 1439925.05629999935627 ] ] ] } },
{ "type": "Feature", "properties": { "CONTOUR_ELEVATION": 18.030001, "CONTOUR_ELEVATION_1": null, "SHAPE_Length": 1047.8931642072293 }, "geometry": { "type": "MultiLineString", "coordinates": [ [ [ 400120.431900000199676, 1437074.14159999974072 ], [ 400122.742406531411689, 1437076.11951316613704 ], [ 400125.125983455451205, 1437078.553756762528792 ], [ 400127.437717114051338, 1437081.198823777027428 ], [ 400129.532693848363124, 1437083.809207193553448 ], [ 400131.265999999828637, 1437086.139399999752641 ], [ 400133.507642249169294, 1437090.04915331536904 ], [ 400135.123314515512902, 1437094.354555401485413 ], [ 400136.301946611260064, 1437098.926693685818464 ], [ 400137.232468348927796, 1437103.63665559515357 ], [ 400138.103809540974908, 1437108.355528557673097 ], [ 400139.104899999685585, 1437112.9543999992311 ], [ 400143.126513861236162, 1437130.132290358887985 ], [ 400146.617762056121137, 1437147.774150233715773 ], [ 400149.447678053926211, 1437165.735073524760082 ], [ 400151.485295324993785, 1437183.870154135627672 ], [ 400152.599647339025978, 1437202.034485967131332 ], [ 400152.659767565899529, 1437220.083162921480834 ], [ 400151.534689475491177, 1437237.871278899488971 ], [ 400149.093446537735872, 1437255.253927804529667 ], [ 400145.205072222626768, 1437272.086203537881374 ], [ 400139.738599999807775, 1437288.223200000822544 ], [ 400129.173496908915695, 1437308.548889983678237 ], [ 400116.34429469978204, 1437328.239102944498882 ], [ 400104.343000000342727, 1437348.353900000452995 ], [ 400093.038905128720216, 1437371.314977910369635 ], [ 400082.58764129068004, 1437394.792963173240423 ], [ 400073.422431807382964, 1437418.771416849456728 ], [ 400065.97649999987334, 1437443.233899999409914 ], [ 400063.009983109426685, 1437454.543718228582293 ], [ 400060.240320149809122, 1437465.959219023352489 ], [ 400058.057647115201689, 1437477.468185306526721 ], [ 400056.852099999785423, 1437489.058399999514222 ], [ 400056.624199984653387, 1437492.549702984048054 ], [ 400056.380249040317722, 1437496.081081589916721 ], [ 400056.256528103840537, 1437499.603708704467863 ], [ 400056.389318111585453, 1437503.068757212720811 ], [ 400056.914900000207126, 1437506.427400000393391 ], [ 400057.949050622235518, 1437509.720485250931233 ], [ 400059.393305179139134, 1437512.925379754742607 ], [ 400061.100384425313678, 1437516.059931634226814 ], [ 400062.923009114223532, 1437519.141989008989185 ], [ 400064.713899999856949, 1437522.189400000497699 ], [ 400070.29863800824387, 1437531.121788806281984 ], [ 400076.595107128028758, 1437539.644497033208609 ], [ 400083.492942623095587, 1437547.746003473643214 ], [ 400090.881779757561162, 1437555.414786919718608 ], [ 400098.651253795076627, 1437562.639326164498925 ], [ 400106.690999999642372, 1437569.408099999651313 ], [ 400111.877661323000211, 1437572.892125373706222 ], [ 400117.421632484300062, 1437576.035670650657266 ], [ 400122.645312403386924, 1437579.399980601854622 ], [ 400126.871100000105798, 1437583.546299999579787 ], [ 400129.977803499961738, 1437591.007855559699237 ], [ 400131.712016446283087, 1437599.527068237541243 ], [ 400134.698499999940395, 1437607.203299999237061 ], [ 400136.779389800271019, 1437609.937840323662385 ], [ 400139.15699324128218, 1437612.512522254139185 ], [ 400141.761258152197115, 1437614.934627489186823 ], [ 400144.522132362821139, 1437617.211437726859003 ], [ 400147.369563702261075, 1437619.350234664743766 ], [ 400150.233500000089407, 1437621.358300000429153 ], [ 400154.834791301807854, 1437624.172789454692975 ], [ 400159.704736264364328, 1437626.604392112931237 ], [ 400164.755395576241426, 1437628.725090044550598 ], [ 400169.898829925339669, 1437630.606865317095071 ], [ 400175.047100000083447, 1437632.321699999272823 ], [ 400186.399865742074326, 1437634.602716773282737 ], [ 400198.041597363422625, 1437635.904975665966049 ], [ 400209.13370000012219, 1437638.514499999582767 ], [ 400223.633979134378023, 1437647.587428236147389 ], [ 400236.893214360577986, 1437659.612182094715536 ], [ 400251.053399999625981, 1437669.943499999120831 ], [ 400258.902348604868166, 1437673.771732064895332 ], [ 400267.010468972322997, 1437677.214230812620372 ], [ 400275.280304853687994, 1437680.149989153956994 ], [ 400283.614400000311434, 1437682.458000000566244 ], [ 400290.648295139078982, 1437683.894375942647457 ], [ 400297.863068884646054, 1437684.948827878339216 ], [ 400305.201678545563482, 1437685.609547245083377 ], [ 400312.607081429916434, 1437685.864725479856133 ], [ 400320.022234846255742, 1437685.702554021030664 ], [ 400327.390096103074029, 1437685.111224306281656 ], [ 400334.653622508631088, 1437684.078927772818133 ], [ 400341.755771371361334, 1437682.593855858547613 ], [ 400348.639499999582767, 1437680.644200000911951 ], [ 400358.526402147661429, 1437676.37650868203491 ], [ 400368.178161669988185, 1437671.11494689527899 ], [ 400378.00690000038594, 1437666.327099999412894 ], [ 400392.184801355819218, 1437661.297973576933146 ], [ 400406.702234827796929, 1437657.177697874605656 ], [ 400421.315200000070035, 1437653.538699999451637 ], [ 400436.932344087574165, 1437651.253810261841863 ], [ 400453.249867595732212, 1437650.99025486339815 ], [ 400469.819519768934697, 1437651.620136863552034 ], [ 400486.193049851746764, 1437652.015559319872409 ], [ 400501.922207088326104, 1437651.048625288996845 ], [ 400516.558740723063238, 1437647.59143783012405 ], [ 400529.654400000348687, 1437640.516100000590086 ], [ 400532.73627033631783, 1437637.66870885505341 ], [ 400535.611326643149368, 1437634.373975069029257 ], [ 400538.488677782239392, 1437631.07625685678795 ], [ 400541.577432614110876, 1437628.219912429340184 ], [ 400545.08669999986887, 1437626.249299999326468 ], [ 400547.011494304577354, 1437625.685896936571226 ], [ 400549.246882746985648, 1437625.243095555342734 ], [ 400551.624114037200343, 1437624.920825707027689 ], [ 400553.974436884745955, 1437624.719017238356173 ], [ 400556.129099999554455, 1437624.637599999085069 ] ] ] } },
{ "type": "Feature", "properties": { "CONTOUR_ELEVATION": 18.530001, "CONTOUR_ELEVATION_1": null, "SHAPE_Length": 1606.514596505501 }, "geometry": { "type": "MultiLineString", "coordinates": [ [ [ 399877.975999999791384, 1437051.082299999892712 ], [ 399869.116045886767097, 1437082.254582555731758 ], [ 399858.69474685145542, 1437112.661233811406419 ], [ 399846.711549390398432, 1437142.304443161468953 ], [ 399833.165900000371039, 1437171.1864 ], [ 399823.170062322402373, 1437190.718290811171755 ], [ 399812.441559723520186, 1437209.892051718663424 ], [ 399800.43099999986589, 1437228.1382 ], [ 399792.067416784004308, 1437237.942623625509441 ], [ 399783.261296399869025, 1437247.426862854976207 ], [ 399775.817900000140071, 1437257.705399999395013 ], [ 399771.812720540096052, 1437266.143992912489921 ], [ 399768.637392113276292, 1437275.092753233388066 ], [ 399766.00054262985941, 1437284.302436937810853 ], [ 399763.610799999907613, 1437293.523800000548363 ], [ 399761.23572943295585, 1437303.964423200581223 ], [ 399759.301280931569636, 1437314.526327056111768 ], [ 399757.571899999864399, 1437325.105799999088049 ], [ 399754.079158586042468, 1437347.90417633834295 ], [ 399751.045103348093107, 1437371.10726651432924 ], [ 399748.708094647794496, 1437394.552782607497647 ], [ 399747.306492846924812, 1437418.078436699928716 ], [ 399747.078658307436854, 1437441.521940873004496 ], [ 399748.2629513911088, 1437464.721007208107039 ], [ 399751.09773245989345, 1437487.513347786851227 ], [ 399755.821361875568982, 1437509.736674690619111 ], [ 399762.672199999913573, 1437531.228700000792742 ], [ 399766.099725920241326, 1437540.363535782322288 ], [ 399769.690954659192357, 1437549.595597608014941 ], [ 399773.651990438287612, 1437558.667741543613374 ], [ 399778.188937478000298, 1437567.322823652764782 ], [ 399783.50789999961853, 1437575.3037 ], [ 399794.261252862284891, 1437585.383029776625335 ], [ 399806.510626509319991, 1437594.29553685663268 ], [ 399816.650000000372529, 1437604.595200000330806 ], [ 399822.012369435164146, 1437616.049011356662959 ], [ 399825.221141989110038, 1437628.894020975101739 ], [ 399827.8136935486109, 1437642.193345106206834 ], [ 399831.327399999834597, 1437655.010099999606609 ], [ 399845.684144010767341, 1437684.801044384250417 ], [ 399862.654165866202675, 1437713.503198958700523 ], [ 399877.123700000345707, 1437743.14049999974668 ], [ 399887.19418208609568, 1437781.70465031103231 ], [ 399893.616281061898917, 1437821.633250205079094 ], [ 399902.432300000451505, 1437860.818199999630451 ], [ 399904.920886882639024, 1437869.659707659855485 ], [ 399907.116815606073942, 1437878.902350760763511 ], [ 399909.226911310921423, 1437888.32676805392839 ], [ 399911.457999137230217, 1437897.713598291855305 ], [ 399914.016904225456528, 1437906.843480228213593 ], [ 399917.110451715649106, 1437915.497052614577115 ], [ 399920.945466747973114, 1437923.454954203916714 ], [ 399925.728774462768342, 1437930.497823748504743 ], [ 399931.667200000025332, 1437936.406300000846386 ], [ 399935.898066103749443, 1437939.480458747595549 ], [ 399940.512421053252183, 1437942.298103912500665 ], [ 399945.400723382947035, 1437944.85871305828914 ], [ 399950.453431627713144, 1437947.16176374675706 ], [ 399955.561004321905784, 1437949.206733540166169 ], [ 399960.613900000229478, 1437950.993100000545382 ], [ 399964.880835976509843, 1437952.35588835645467 ], [ 399969.332933531783056, 1437953.661065454594791 ], [ 399973.938704745029099, 1437954.882455602986738 ], [ 399978.666661695111543, 1437955.993883108487353 ], [ 399983.485316460893955, 1437956.969172278186306 ], [ 399988.363181121414527, 1437957.782147420104593 ], [ 399993.268767755478621, 1437958.406632840633392 ], [ 399998.170588442008011, 1437958.816452848026529 ], [ 400003.03715525980806, 1437958.985431748442352 ], [ 400007.836980288033374, 1437958.887393850134686 ], [ 400012.538575605256483, 1437958.496163459960371 ], [ 400017.110453290631995, 1437957.785564885474741 ], [ 400021.521125423023477, 1437956.729422433534637 ], [ 400025.739104081178084, 1437955.301560411695391 ], [ 400029.732901344250422, 1437953.475803127512336 ], [ 400033.471029290987644, 1437951.225974888307974 ], [ 400036.92200000025332, 1437948.525900000706315 ], [ 400038.999114676378667, 1437946.468361343257129 ], [ 400041.017103407764807, 1437944.27239871583879 ], [ 400043.080199999734759, 1437942.185900000855327 ], [ 400065.529884726100136, 1437934.710142910946161 ], [ 400092.799254223122261, 1437939.437490361277014 ], [ 400120.99219660856761, 1437945.416242631385103 ], [ 400146.212600000202656, 1437941.694700000807643 ], [ 400149.711579739989247, 1437939.720123144332319 ], [ 400153.170106483972631, 1437937.599274296779186 ], [ 400156.496100000105798, 1437935.335200000554323 ], [ 400168.590887897124048, 1437920.255474881734699 ], [ 400177.625253101112321, 1437901.868595434352756 ], [ 400189.270299999974668, 1437886.797700000926852 ], [ 400196.596442162292078, 1437882.174990257481113 ], [ 400204.680542707792483, 1437878.451247789431363 ], [ 400213.21895217243582, 1437875.336430193390697 ], [ 400221.908021091250703, 1437872.540495064808056 ], [ 400230.444099999964237, 1437869.773399999365211 ], [ 400291.95213669014629, 1437864.535060805501416 ], [ 400355.811863950337283, 1437869.866873825667426 ], [ 400413.970700000412762, 1437858.383199999108911 ], [ 400427.018885278957896, 1437849.437072018859908 ], [ 400439.68681455537444, 1437839.369348963256925 ], [ 400453.032399999909103, 1437830.851600000634789 ], [ 400461.419822397467215, 1437827.196713649202138 ], [ 400470.42761058738688, 1437824.06240904214792 ], [ 400479.896909186150879, 1437821.443080117926002 ], [ 400489.66886281047482, 1437819.33312081429176 ], [ 400499.584616076492239, 1437817.726925068069249 ], [ 400509.485313600918744, 1437816.618886817246675 ], [ 400519.212100000120699, 1437816.003399999812245 ], [ 400519.283826764090918, 1437816.000654861098155 ], [ 400519.355530660308432, 1437815.997920927591622 ], [ 400519.427199999801815, 1437815.995200000703335 ] ] ] } },
{ "type": "Feature", "properties": { "CONTOUR_ELEVATION": 19.030001, "CONTOUR_ELEVATION_1": null, "SHAPE_Length": 1917.7402607015051 }, "geometry": { "type": "MultiLineString", "coordinates": [ [ [ 399667.825699999928474, 1437063.283299999311566 ], [ 399666.880151097197086, 1437067.961245385697111 ], [ 399665.343014752550516, 1437072.583101568277925 ], [ 399663.353078926098533, 1437077.108261563815176 ], [ 399661.049131577834487, 1437081.496118389070034 ], [ 399658.569960667344276, 1437085.706065059406683 ], [ 399656.054354154621251, 1437089.697494591120631 ], [ 399653.641099999658763, 1437093.4298 ], [ 399647.947075314586982, 1437099.800480978563428 ], [ 399641.300342213420663, 1437105.557357254903764 ], [ 399635.643500000238419, 1437111.917099999263883 ], [ 399632.912034113134723, 1437117.023808952886611 ], [ 399630.811147434171289, 1437122.54678093874827 ], [ 399629.177435323246755, 1437128.354260996216908 ], [ 399627.847493140550796, 1437134.314494165824726 ], [ 399626.657916246098466, 1437140.295725487405434 ], [ 399625.445299999788404, 1437146.166200000792742 ], [ 399623.735996965668164, 1437182.823121384717524 ], [ 399627.380259585799649, 1437220.281051668804139 ], [ 399625.846900000236928, 1437256.6963 ], [ 399615.737804953649174, 1437284.127107634674758 ], [ 399602.311986140091904, 1437310.890009999740869 ], [ 399592.595300000160933, 1437338.399900000542402 ], [ 399590.341688937565777, 1437352.957525750389323 ], [ 399589.113141293637455, 1437367.853128692600876 ], [ 399588.833207822986878, 1437382.93977320776321 ], [ 399589.425439280690625, 1437398.070523676928133 ], [ 399590.81338642135961, 1437413.098444480448961 ], [ 399592.920599999837577, 1437427.876599999144673 ], [ 399595.993767527863383, 1437441.953091597883031 ], [ 399599.8158420517575, 1437455.93281054450199 ], [ 399603.396200000308454, 1437469.945699999108911 ], [ 399608.33362946024863, 1437584.043582439888269 ], [ 399598.248518298030831, 1437700.20278303953819 ], [ 399609.801199999637902, 1437812.043800000101328 ], [ 399612.216389626904856, 1437820.270685467869043 ], [ 399614.47489049093565, 1437828.835932234302163 ], [ 399616.783266495913267, 1437837.468000712571666 ], [ 399619.34808154561324, 1437845.89535131608136 ], [ 399622.375899543636478, 1437853.846444456605241 ], [ 399626.073284393874928, 1437861.049740546848625 ], [ 399630.646800000220537, 1437867.23369999974966 ], [ 399668.230582743417472, 1437879.332793399691582 ], [ 399705.56940000038594, 1437890.646800000220537 ], [ 399712.082926808565389, 1437901.267630163580179 ], [ 399715.536217095330358, 1437914.595252651721239 ], [ 399717.188885209267028, 1437929.620709171984345 ], [ 399718.300545498961583, 1437945.335041432408616 ], [ 399720.130812312941998, 1437960.729291139636189 ], [ 399723.939299999736249, 1437974.79450000077486 ], [ 399742.065577518835198, 1438006.499600955750793 ], [ 399765.016479186015204, 1438036.055710751563311 ], [ 399786.207200000062585, 1438066.677999999374151 ], [ 399791.326652103336528, 1438077.408750761067495 ], [ 399795.646606460330077, 1438088.833132299827412 ], [ 399799.790640749852173, 1438100.364076305180788 ], [ 399804.382332650478929, 1438111.414514464326203 ], [ 399810.04525984096108, 1438121.397378467023373 ], [ 399817.402999999932945, 1438129.725600000470877 ], [ 399823.345174207701348, 1438134.220970300026238 ], [ 399829.907882496132515, 1438138.155352946138009 ], [ 399836.860903681023046, 1438141.672040443401784 ], [ 399843.974016577238217, 1438144.914325293619186 ], [ 399851.017, 1438148.025499999523163 ], [ 399880.09557081235107, 1438155.847477429546416 ], [ 399910.469933324609883, 1438160.146250176709145 ], [ 399938.831899999640882, 1438168.760600000619888 ], [ 399959.127906830864958, 1438183.432078643003479 ], [ 399978.016887110134121, 1438201.120903203263879 ], [ 399998.355999999679625, 1438215.915500000119209 ], [ 400009.235898047336377, 1438221.094639195594937 ], [ 400020.569659866043366, 1438225.637908285250887 ], [ 400032.240453213336878, 1438229.508518090005964 ], [ 400044.131445846520364, 1438232.669679429847747 ], [ 400056.125805523130111, 1438235.0846031261608 ], [ 400068.106700000353158, 1438236.716499999165535 ], [ 400078.383740363991819, 1438237.530602027429268 ], [ 400088.780865816050209, 1438237.828281301306561 ], [ 400099.163058360107243, 1438237.532719924114645 ], [ 400109.395299999974668, 1438236.567099999636412 ], [ 400122.095028624578845, 1438234.098553200019524 ], [ 400134.619431047933176, 1438230.323551803361624 ], [ 400146.979639159399085, 1438225.655083807185292 ], [ 400159.186784847232047, 1438220.506137206684798 ], [ 400171.252000000327826, 1438215.28969999961555 ], [ 400202.487240251793992, 1438198.378603299614042 ], [ 400232.623083441576455, 1438178.943933605682105 ], [ 400263.961099999956787, 1438162.320499999448657 ], [ 400283.097651067189872, 1438156.457009540405124 ], [ 400302.61198295885697, 1438151.476996920770034 ], [ 400320.666500000283122, 1438143.693800000473857 ], [ 400326.824525406351313, 1438139.627336140023544 ], [ 400332.827599330805242, 1438135.164986415067688 ], [ 400338.539723590074573, 1438130.340668482938781 ], [ 400343.824900000356138, 1438125.188300000503659 ], [ 400352.999372801452409, 1438110.643211262533441 ], [ 400360.143816459458321, 1438094.292830865597352 ], [ 400369.46889999974519, 1438080.356799999251962 ], [ 400384.511423724237829, 1438071.144625556655228 ], [ 400402.031701277941465, 1438064.675764089683071 ], [ 400418.413900000043213, 1438056.494999999180436 ], [ 400427.5151175216306, 1438049.918145514093339 ], [ 400437.204489829193335, 1438042.550574157852679 ], [ 400446.510067222232465, 1438034.605690722353756 ], [ 400454.45990000013262, 1438026.296900000423193 ] ] ] } },
{ "type": "Feature", "properties": { "CONTOUR_ELEVATION": 19.530001, "CONTOUR_ELEVATION_1": null, "SHAPE_Length": 2254.8177076506436 }, "geometry": { "type": "MultiLineString", "coordinates": [ [ [ 399510.486700000241399, 1437077.214700000360608 ], [ 399492.167187960410956, 1437094.289557786425576 ], [ 399473.593658590165433, 1437112.748592874035239 ], [ 399455.528438499255572, 1437132.266229951288551 ], [ 399438.733854297432117, 1437152.516893706051633 ], [ 399423.972232594504021, 1437173.175008825957775 ], [ 399412.005900000222027, 1437193.91499999910593 ], [ 399405.302596312656533, 1437207.559945163317025 ], [ 399398.878263072576374, 1437221.550595544511452 ], [ 399393.121791676501743, 1437235.834143344545737 ], [ 399388.422073520137928, 1437250.357780763180926 ], [ 399385.167999999597669, 1437265.06870000064373 ], [ 399383.742325237544719, 1437275.469701021676883 ], [ 399382.821599087910727, 1437286.144043463515118 ], [ 399382.466317520069424, 1437296.924425954231992 ], [ 399382.736976503336336, 1437307.643547121901065 ], [ 399383.694072006852366, 1437318.134105594363064 ], [ 399385.39809999987483, 1437328.228800000622869 ], [ 399404.316966703860089, 1437362.473423836287111 ], [ 399433.414395077037625, 1437393.328915632562712 ], [ 399455.434299999848008, 1437426.662599999457598 ], [ 399459.222292484308127, 1437438.771728626452386 ], [ 399462.373910316091496, 1437451.505014620954171 ], [ 399464.848337949311826, 1437464.704750749981031 ], [ 399466.604759838839527, 1437478.213229784043506 ], [ 399467.602360438846517, 1437491.872744489926845 ], [ 399467.800324203795753, 1437505.525587636977434 ], [ 399467.157835587859154, 1437519.014051992679015 ], [ 399465.634079045732506, 1437532.180430326145142 ], [ 399463.188239031704143, 1437544.86701540555805 ], [ 399459.779500000178814, 1437556.91609999909997 ], [ 399440.80674915551208, 1437586.178981405915692 ], [ 399415.288988885062281, 1437613.408822835888714 ], [ 399398.161399999633431, 1437643.986700000241399 ], [ 399396.783809095155448, 1437650.157280298648402 ], [ 399395.575737785897218, 1437656.497208454180509 ], [ 399394.680871929274872, 1437662.911266461247578 ], [ 399394.242897381715011, 1437669.304236311931163 ], [ 399394.405500000342727, 1437675.580900000408292 ], [ 399394.631283339345828, 1437678.258984915679321 ], [ 399394.889577362628188, 1437681.067838823189959 ], [ 399395.195828940835781, 1437683.969253021059558 ], [ 399395.565484944963828, 1437686.925018809502944 ], [ 399396.013992245774716, 1437689.896927487105131 ], [ 399396.556797714321874, 1437692.846770353848115 ], [ 399397.209348221309483, 1437695.736338708782569 ], [ 399397.987090637674555, 1437698.527423850959167 ], [ 399398.90547183417948, 1437701.181817080127075 ], [ 399399.979938681703061, 1437703.661309694638476 ], [ 399401.225938051240519, 1437705.927692994708195 ], [ 399402.658916813496035, 1437707.942758279386908 ], [ 399404.294321839406621, 1437709.668296847725287 ], [ 399406.147599999792874, 1437711.066099999472499 ], [ 399407.128101971524302, 1437711.642969323555008 ], [ 399408.209111915901303, 1437712.218718873569742 ], [ 399409.375665210885927, 1437712.784029834670946 ], [ 399410.612797234789468, 1437713.329583392245695 ], [ 399411.905543365573976, 1437713.846060731215402 ], [ 399413.238938981376123, 1437714.324143037199974 ], [ 399414.598019460390788, 1437714.754511494887993 ], [ 399415.967820180638228, 1437715.127847289200872 ], [ 399417.333376520255115, 1437715.434831605758518 ], [ 399418.679723857319914, 1437715.666145630180836 ], [ 399419.991897569911089, 1437715.812470546923578 ], [ 399421.254933036165312, 1437715.864487541373819 ], [ 399422.453865634219255, 1437715.812877798918635 ], [ 399423.573730742151383, 1437715.648322504013777 ], [ 399424.599563738098368, 1437715.361502842744812 ], [ 399425.516400000080466, 1437714.943099999800324 ], [ 399427.862469298765063, 1437711.996045529143885 ], [ 399429.405104253906757, 1437707.475697127636522 ], [ 399430.924462082097307, 1437702.734500162303448 ], [ 399433.200699999928474, 1437699.124900000169873 ], [ 399434.264350908866618, 1437698.279275535373017 ], [ 399435.461392148630694, 1437697.506720670731738 ], [ 399436.774298086704221, 1437696.8085381553974 ], [ 399438.185543090570718, 1437696.186030738521367 ], [ 399439.677601527539082, 1437695.640501168789342 ], [ 399441.232947765034623, 1437695.173252194887027 ], [ 399442.834056170482654, 1437694.785586566198617 ], [ 399444.463401111308485, 1437694.478807031176984 ], [ 399446.103456954937428, 1437694.254216338973492 ], [ 399447.736698068678379, 1437694.113117238506675 ], [ 399449.345598820073064, 1437694.056812478695065 ], [ 399450.91263357643038, 1437694.086604808457196 ], [ 399452.420276705233846, 1437694.20379697647877 ], [ 399453.851002573850565, 1437694.409691731911153 ], [ 399455.187285549705848, 1437694.705591823905706 ], [ 399456.411600000225008, 1437695.092800000682473 ], [ 399458.503604727739003, 1437696.204163915710524 ], [ 399460.390997949871235, 1437697.834349142853171 ], [ 399462.105923586932477, 1437699.893089029472321 ], [ 399463.680525559873786, 1437702.290116925956681 ], [ 399465.146947789122351, 1437704.935166179435328 ], [ 399466.537334195221774, 1437707.737970138667151 ], [ 399467.883828698657453, 1437710.608262151712552 ], [ 399469.218575220322236, 1437713.455775567796081 ], [ 399470.573717680526897, 1437716.190243734279647 ], [ 399471.981399999931455, 1437718.721400000154972 ], [ 399487.130684145144187, 1437774.134794778190553 ], [ 399481.471754608326592, 1437838.677288024453446 ], [ 399466.516316407127306, 1437906.245642454596236 ], [ 399453.776074560009874, 1437970.736620783805847 ], [ 399454.762734084913973, 1438026.046985727269202 ], [ 399480.987999999895692, 1438066.0735 ], [ 399514.534857264487073, 1438080.803425070596859 ], [ 399546.907100000418723, 1438097.414000000804663 ], [ 399563.6359378361376, 1438128.965299347881228 ], [ 399572.03791459382046, 1438168.371616445481777 ], [ 399586.003100000321865, 1438203.855799999088049 ], [ 399597.063485821010545, 1438217.289902688702568 ], [ 399609.70569444517605, 1438229.737128656357527 ], [ 399623.419620159082115, 1438241.364623280242085 ], [ 399637.695157248526812, 1438252.339531935751438 ], [ 399652.022199999541044, 1438262.829 ], [ 399664.614257243578322, 1438271.9821720009204 ], [ 399677.518654659972526, 1438281.20214793458581 ], [ 399690.72970580344554, 1438290.226148162968457 ], [ 399704.241724228544626, 1438298.791393047897145 ], [ 399718.049023490399122, 1438306.635102952132002 ], [ 399732.145917143672705, 1438313.494498237036169 ], [ 399746.526718743203674, 1438319.106799265602604 ], [ 399761.185741843655705, 1438323.20922639942728 ], [ 399776.117300000041723, 1438325.539000000804663 ], [ 399787.671773024369031, 1438325.75627811672166 ], [ 399799.387959880579729, 1438325.263323178514838 ], [ 399810.954400000162423, 1438325.412499999627471 ], [ 399859.996590609895065, 1438345.044567117933184 ], [ 399905.840250818582717, 1438378.390782840782776 ], [ 399954.445600000210106, 1438399.895400000736117 ], [ 399976.119486560113728, 1438400.699536103289574 ], [ 399998.254708560765721, 1438399.525506284553558 ], [ 400020.2489, 1438399.656999999657273 ], [ 400053.971876177471131, 1438406.51170948590152 ], [ 400087.347437068645377, 1438416.582780380733311 ], [ 400120.974999999627471, 1438422.97749999910593 ], [ 400137.136349237407558, 1438423.736607502214611 ], [ 400153.565806884202175, 1438423.807852043071762 ], [ 400170.05092686181888, 1438423.067148592323065 ], [ 400186.379263092530891, 1438421.390412121312693 ], [ 400202.338369498029351, 1438418.653557600220665 ], [ 400217.715800000354648, 1438414.7325 ], [ 400229.026489291805774, 1438411.0316296746023 ], [ 400240.466137442213949, 1438406.730776713928208 ], [ 400251.923177377902903, 1438401.833024289924651 ], [ 400263.286042025487404, 1438396.341455574147403 ], [ 400274.443164311000146, 1438390.259153738617897 ], [ 400285.28297716146335, 1438383.58920195675455 ], [ 400295.693913502851501, 1438376.334683399181813 ], [ 400305.564406261604745, 1438368.498681237688288 ], [ 400314.78288836433785, 1438360.084278644993901 ], [ 400323.237792737374548, 1438351.094558793352917 ], [ 400330.817552307154983, 1438341.532604854321107 ], [ 400337.410600000061095, 1438331.401499999687076 ], [ 400344.01259050128283, 1438320.601116805337369 ], [ 400352.358244940347504, 1438306.77078710263595 ], [ 400358.290599999949336, 1438295.37639999948442 ] ] ] } },
{ "type": "Feature", "properties": { "CONTOUR_ELEVATION": 20.01, "CONTOUR_ELEVATION_1": null, "SHAPE_Length": 405.63320158139607 }, "geometry": { "type": "MultiLineString", "coordinates": [ [ [ 396000.634300000034273, 1438445.8081 ], [ 395996.898701144440565, 1438446.998300495790318 ], [ 395993.557466159807518, 1438448.196739320876077 ], [ 395990.549042186001316, 1438449.424567220266908 ], [ 395987.811876363179181, 1438450.702934943372384 ], [ 395985.284415830916259, 1438452.052993235411122 ], [ 395982.90510772948619, 1438453.495892845327035 ], [ 395980.612399198580533, 1438455.052784519037232 ], [ 395978.344737378123682, 1438456.74481900408864 ], [ 395976.040569408098236, 1438458.593147047329694 ], [ 395973.638342428370379, 1438460.61891939654015 ], [ 395971.076503578980919, 1438462.843286798335612 ], [ 395968.293499999679625, 1438465.287399999797344 ], [ 395963.737365358974785, 1438469.495931246783584 ], [ 395959.36113539908547, 1438473.99970901501365 ], [ 395955.275087739457376, 1438478.768582275137305 ], [ 395951.589499999769032, 1438483.772399999201298 ], [ 395949.134813682816457, 1438487.559374633012339 ], [ 395946.794155803509057, 1438491.512336124898866 ], [ 395944.624515134200919, 1438495.602791720069945 ], [ 395942.682880447071511, 1438499.80224866210483 ], [ 395941.026240514183883, 1438504.082214193418622 ], [ 395939.711584107833914, 1438508.414195558056235 ], [ 395938.79590000025928, 1438512.7697 ], [ 395938.32724613166647, 1438516.45039806351997 ], [ 395938.077921982272528, 1438520.238063465571031 ], [ 395938.049760494264774, 1438524.084150476614013 ], [ 395938.244594609946944, 1438527.940113366115838 ], [ 395938.664257271331735, 1438531.757406403310597 ], [ 395939.31058142054826, 1438535.487483858130872 ], [ 395940.185399999842048, 1438539.081800000742078 ], [ 395941.067760351928882, 1438541.970398097066209 ], [ 395942.100864615815226, 1438544.88996365852654 ], [ 395943.284507961652707, 1438547.8069882101845 ], [ 395944.618485560291447, 1438550.687963279895484 ], [ 395946.102592581999488, 1438553.499380392255262 ], [ 395947.736624197161291, 1438556.207731073489413 ], [ 395949.520375575986691, 1438558.779506848426536 ], [ 395951.453641889267601, 1438561.181199244223535 ], [ 395953.536218307272065, 1438563.379299785941839 ], [ 395955.767900000326335, 1438565.340299999341369 ], [ 395957.89423767849803, 1438566.903747087810189 ], [ 395960.1692558999639, 1438568.351965022273362 ], [ 395962.544825282646343, 1438569.672009412897751 ], [ 395964.972816443536431, 1438570.850935869151726 ], [ 395967.405100000090897, 1438571.875800000503659 ], [ 395970.646761829324532, 1438572.944199337158352 ], [ 395974.01218009472359, 1438573.694550229236484 ], [ 395977.475116813264322, 1438574.155992564745247 ], [ 395981.009334002854303, 1438574.357666233787313 ], [ 395984.588593680644408, 1438574.328711123904213 ], [ 395988.186657864018343, 1438574.098267124500126 ], [ 395991.777288570185192, 1438573.695474123349413 ], [ 395995.334247816819698, 1438573.149472010089085 ], [ 395998.831297621014528, 1438572.489400672726333 ], [ 396002.242200000211596, 1438571.744400000199676 ], [ 396006.190908516291529, 1438570.736705597257242 ], [ 396010.126460801810026, 1438569.524600564269349 ], [ 396013.985732686473057, 1438568.091970249079168 ], [ 396017.705599999986589, 1438566.422700000926852 ], [ 396021.880259706929792, 1438564.07955140597187 ], [ 396025.878258883720264, 1438561.342503459192812 ], [ 396029.71886820718646, 1438558.322309810202569 ], [ 396033.421358353632968, 1438555.129724107217044 ], [ 396037.004999999888241, 1438551.875499999150634 ], [ 396040.893503870815039, 1438548.25533781782724 ], [ 396044.818175990600139, 1438544.461816455936059 ], [ 396048.683106933021918, 1438540.50155365257524 ], [ 396052.392387271858752, 1438536.381167147308588 ], [ 396055.850107581238262, 1438532.107274681096897 ], [ 396058.960358434705995, 1438527.686493993038312 ], [ 396061.627230406505987, 1438523.125442823395133 ], [ 396063.754814070358407, 1438518.430738912429661 ], [ 396065.247200000099838, 1438513.608999999240041 ], [ 396065.933690591307823, 1438510.159547130577266 ], [ 396066.419290976948105, 1438506.553884861059487 ], [ 396066.699708681728225, 1438502.836981217609718 ], [ 396066.770651230355725, 1438499.053804225986823 ], [ 396066.627826147770975, 1438495.249321914743632 ], [ 396066.266940958506893, 1438491.468502309406176 ], [ 396065.683703187620267, 1438487.756313437595963 ], [ 396064.87382035976043, 1438484.157723325770348 ], [ 396063.832999999634922, 1438480.717700000852346 ], [ 396062.461636725638527, 1438477.20934410719201 ], [ 396060.803774143569171, 1438473.731667298357934 ], [ 396058.901355716749094, 1438470.329472028184682 ], [ 396056.796324908384122, 1438467.047560752136633 ], [ 396054.530625181796495, 1438463.930735924746841 ], [ 396052.146200000308454, 1438461.023800000548363 ], [ 396050.195508401666302, 1438458.859441139968112 ], [ 396048.092921747709624, 1438456.677253358066082 ], [ 396045.855487958469894, 1438454.511890924768522 ], [ 396043.500254953920376, 1438452.398008109536022 ], [ 396041.044270653859712, 1438450.370259181829169 ], [ 396038.504582978202961, 1438448.463298409478739 ], [ 396035.89823984663235, 1438446.711780063109472 ], [ 396033.242289179353975, 1438445.150358411949128 ], [ 396030.553778895991854, 1438443.813687724294141 ], [ 396027.849756916519254, 1438442.736422270303592 ], [ 396025.147271160851233, 1438441.953216318739578 ], [ 396022.463369548786432, 1438441.498724139062688 ], [ 396019.815100000239909, 1438441.407600000500679 ], [ 396018.297192211495712, 1438441.44986898615025 ], [ 396016.815075693826657, 1438441.469965290511027 ], [ 396015.360919266066048, 1438441.487401054939255 ], [ 396013.92689174663974, 1438441.521688420092687 ], [ 396012.505161954089999, 1438441.592339527560398 ], [ 396011.087898706784472, 1438441.718866517534479 ], [ 396009.667270823323634, 1438441.920781530672684 ], [ 396008.235447122249752, 1438442.217596708796918 ], [ 396006.784596421988681, 1438442.628824192332104 ], [ 396005.306887541199103, 1438443.173976122401655 ], [ 396003.794489298248664, 1438443.872564639663324 ], [ 396002.239570511679631, 1438444.744101885240525 ], [ 396000.634300000034273, 1438445.8081 ] ] ] } }
]
}
