{
"type": "FeatureCollection",
"name": "water_season_2",
"crs": { "type": "name", "properties": { "name": "urn:ogc:def:crs:EPSG::3857" } },
"features": [
{ "type": "Feature", "properties": { "season": "Sept 2023", "lc_code": "WBRT", "dscr1": "Water bodies", "dscr2": "Reservoir / Tanks", "dscr3": "Reservoir / Tanks", "Shape_Leng": 0.30205002410999998, "PI_Code": " ", "stcode": 33, "LULC_Code": "", "Remarks_IR": "", "CHECK_IRS": "", "Shape_Length": 0.30601333154930505, "Shape_Area": 0.0019442080534141548, "area_sqkm": 21.655158618901488, "ndwi_thr": 0.0 }, "geometry": { "type": "Polygon", "coordinates": [ [ [ 8909922.694771131500602, 1458407.755786146735772 ], [ 8909922.656084891408682, 1458418.084945051232353 ], [ 8909932.919569225981832, 1458418.123877126723528 ], [ 8909932.842203289270401, 1458438.782206585630774 ], [ 8909943.105695338919759, 1458438.821135514648631 ], [ 8909942.796249575912952, 1458521.454603184014559 ], [ 8909953.059771608561277, 1458521.493530733045191 ], [ 8909952.905056549236178, 1458562.810354235582054 ], [ 8909963.168593717738986, 1458562.849279226968065 ], [ 8909963.052565487101674, 1458593.836936452426016 ], [ 8909973.316114082932472, 1458593.875858590938151 ], [ 8909972.890695532783866, 1458707.497555588604882 ], [ 8909962.627106109634042, 1458707.45863021351397 ], [ 8909962.085561159998178, 1458852.068703982979059 ], [ 8909972.349202549085021, 1458852.10763347777538 ], [ 8909972.039752244949341, 1458934.742288243724033 ], [ 8909982.303423626348376, 1458934.781216355739161 ], [ 8909982.071345884352922, 1458996.75736410333775 ], [ 8909992.335039831697941, 1458996.796290244441479 ], [ 8909992.296362897381186, 1459007.125661405501887 ], [ 8910002.560060851275921, 1459007.164584104670212 ], [ 8910002.405365038663149, 1459048.482106812065467 ], [ 8910012.669078132137656, 1459048.521026951493695 ], [ 8910012.63040716201067, 1459058.850417143898085 ], [ 8910022.894124262034893, 1459058.889333840925246 ], [ 8910022.816788867115974, 1459079.548125880071893 ], [ 8910033.080513684079051, 1459079.587039428530261 ], [ 8910033.041849261149764, 1459089.916441274806857 ], [ 8910043.305578086525202, 1459089.955351381096989 ], [ 8910043.228255787864327, 1459110.614166728919372 ], [ 8910053.491992328315973, 1459110.65307368664071 ], [ 8910053.41467628441751, 1459131.311904376838356 ], [ 8910063.678420545533299, 1459131.35080818622373 ], [ 8910063.601110760122538, 1459152.009654219727963 ], [ 8910073.86486273817718, 1459152.048554880311713 ], [ 8910073.826211119070649, 1459162.377983724465594 ], [ 8910084.089967101812363, 1459162.416880942415446 ], [ 8910084.051318904384971, 1459172.746313769137487 ], [ 8910094.315078891813755, 1459172.785207543987781 ], [ 8910094.276434116065502, 1459183.114644353743643 ], [ 8910104.540198108181357, 1459183.153534685960039 ], [ 8910104.462915103882551, 1459203.812419960042462 ], [ 8910114.72668681666255, 1459203.851307143224403 ], [ 8910114.688048588111997, 1459214.180755607318133 ], [ 8910124.951824307441711, 1459214.219639347633347 ], [ 8910124.835919011384249, 1459245.208007756620646 ], [ 8910135.099706159904599, 1459245.246888641500846 ], [ 8910135.061074189841747, 1459255.576352450065315 ], [ 8910155.588656790554523, 1459255.654103595530614 ], [ 8910155.550031954422593, 1459265.983571680961177 ], [ 8910176.077623149380088, 1459266.061308466363698 ], [ 8910176.039005449041724, 1459276.390780827729031 ], [ 8910186.302805198356509, 1459276.429643908515573 ], [ 8910186.225576346740127, 1459297.088600287213922 ], [ 8910196.489383812993765, 1459297.127460218034685 ], [ 8910196.373549489304423, 1459328.115923336008564 ], [ 8910206.637368388473988, 1459328.154780410928652 ], [ 8910206.521542575210333, 1459359.143277613911778 ], [ 8910227.049203529953957, 1459359.22098231385462 ], [ 8910226.97199971601367, 1459379.880000070435926 ], [ 8910237.235838059335947, 1459379.918847401160747 ], [ 8910237.197239426895976, 1459390.248362107435241 ], [ 8910247.461081776767969, 1459390.287205994594842 ], [ 8910247.383891064673662, 1459410.946247062180191 ], [ 8910257.647741131484509, 1459410.985087798908353 ], [ 8910257.570556681603193, 1459431.644144212128595 ], [ 8910267.834414469078183, 1459431.682981798192486 ], [ 8910267.795825518667698, 1459442.012515832902864 ], [ 8910278.059687310829759, 1459442.051349974703044 ], [ 8910278.021101783961058, 1459452.380887992214411 ], [ 8910288.284967580810189, 1459452.419718690449372 ], [ 8910288.207803077995777, 1459473.078806381905451 ], [ 8910308.735550401732326, 1459473.156457738252357 ], [ 8910308.65839958935976, 1459493.815561362076551 ], [ 8910318.922281118109822, 1459493.854382020421326 ], [ 8910318.845136566087604, 1459514.513500989414752 ], [ 8910329.109025811776519, 1459514.552318497328088 ], [ 8910329.070456812158227, 1459524.881883809575811 ], [ 8910339.334350064396858, 1459524.920697872526944 ], [ 8910339.257218619808555, 1459545.579840154852718 ], [ 8910349.521119592711329, 1459545.618651066208258 ], [ 8910349.482557145878673, 1459555.948228035354987 ], [ 8910359.746462123468518, 1459555.987035502213985 ], [ 8910359.707903100177646, 1459566.316616454627365 ], [ 8910369.971812082454562, 1459566.355420476989821 ], [ 8910369.894700588658452, 1459587.014594038017094 ], [ 8910380.158617291599512, 1459587.053394908551127 ], [ 8910380.120064821094275, 1459597.38298751716502 ], [ 8910390.383985530585051, 1459597.421784943435341 ], [ 8910390.345436483621597, 1459607.751381535083055 ], [ 8910400.609361197799444, 1459607.790175516391173 ], [ 8910400.493723450228572, 1459638.778988312231377 ], [ 8910410.75765959918499, 1459638.817779434612021 ], [ 8910410.719116814434528, 1459649.14739137282595 ], [ 8910420.983056968078017, 1459649.186179050710052 ], [ 8910420.86743801087141, 1459680.175037886714563 ], [ 8910431.13138959929347, 1459680.213822705671191 ], [ 8910431.092853078618646, 1459690.543449991149828 ], [ 8910441.356808671727777, 1459690.582231364445761 ], [ 8910441.279742185026407, 1459711.241497592767701 ], [ 8910451.543705500662327, 1459711.280275813536718 ], [ 8910451.466645278036594, 1459731.939557389821857 ], [ 8910461.730616312474012, 1459731.978332458529621 ], [ 8910461.653562353923917, 1459752.637629381846637 ], [ 8910471.917541107162833, 1459752.676401298027486 ], [ 8910471.686394529417157, 1459814.654382399749011 ], [ 8910481.950395863503218, 1459814.693152334541082 ], [ 8910481.796307180076838, 1459856.011881386162713 ], [ 8910492.060323664918542, 1459856.0506487544626 ], [ 8910491.983285006135702, 1459876.710036010714248 ], [ 8910512.511333709582686, 1459876.787560701370239 ], [ 8910512.395795825868845, 1459907.776671024505049 ], [ 8910522.659831758588552, 1459907.815428640227765 ], [ 8910522.50579203478992, 1459949.134295248659328 ], [ 8910532.769843118265271, 1459949.173050296027213 ], [ 8910532.500288400799036, 1460021.481211015721783 ], [ 8910542.764365782961249, 1460021.519964373903349 ], [ 8910542.533329823985696, 1460083.498533562757075 ], [ 8910573.325630590319633, 1460083.614776469999924 ], [ 8910573.094651035964489, 1460145.593483816366643 ], [ 8910562.830528195947409, 1460145.55473816418089 ], [ 8910562.75352525152266, 1460166.214336226694286 ], [ 8910542.225265579298139, 1460166.136832532705739 ], [ 8910542.148246608674526, 1460186.796444191364571 ], [ 8910531.88410977832973, 1460186.757686149561778 ], [ 8910531.845596140250564, 1460197.087497223634273 ], [ 8910521.581455884501338, 1460197.048735149437562 ], [ 8910521.542938241735101, 1460207.378549622604623 ], [ 8910501.014651171863079, 1460207.30101367062889 ], [ 8910500.976125804707408, 1460217.630831249291077 ], [ 8910490.711978990584612, 1460217.592057371046394 ], [ 8910490.673449616879225, 1460227.921878349268809 ], [ 8910470.145149432122707, 1460227.844318787800148 ], [ 8910470.106612334027886, 1460238.174142871983349 ], [ 8910459.842458963394165, 1460238.135357188759372 ], [ 8910459.803917856886983, 1460248.46518467203714 ], [ 8910449.539761062711477, 1460248.426394955953583 ], [ 8910449.501215949654579, 1460258.756225837627426 ], [ 8910428.972895799204707, 1460258.678634601412341 ], [ 8910428.93434296362102, 1460269.008468589279801 ], [ 8910377.613529106602073, 1460268.814423586707562 ], [ 8910377.652100522071123, 1460258.484591064276174 ], [ 8910357.123784450814128, 1460258.40694747143425 ], [ 8910357.162363005802035, 1460248.077119227265939 ], [ 8910346.898209122940898, 1460248.03829211439006 ], [ 8910346.936791103333235, 1460237.708467855816707 ], [ 8910336.672641228884459, 1460237.669637296581641 ], [ 8910336.749811746180058, 1460217.010000440990552 ], [ 8910326.48566959425807, 1460216.971166727831587 ], [ 8910326.524258131161332, 1460206.641354131046683 ], [ 8910316.260119985789061, 1460206.602516972459853 ], [ 8910316.37589499540627, 1460175.613102212082595 ], [ 8910306.111768290400505, 1460175.574262193869799 ], [ 8910306.18895760178566, 1460154.914671398000792 ], [ 8910295.924838621169329, 1460154.875828227028251 ], [ 8910295.963436555117369, 1460144.546038659987971 ], [ 8910275.435206897556782, 1460144.468341686297208 ], [ 8910275.473811971023679, 1460134.138556397752836 ], [ 8910224.153261512517929, 1460133.944249991327524 ], [ 8910224.191884871572256, 1460123.614469861611724 ], [ 8910213.92777937091887, 1460123.575597655959427 ], [ 8910213.966406155377626, 1460113.245821511605754 ], [ 8910203.702304661273956, 1460113.206945859827101 ], [ 8910203.740934869274497, 1460102.877173700369895 ], [ 8910193.476837383583188, 1460102.838294603163376 ], [ 8910193.515471015125513, 1460092.508526429301128 ], [ 8910172.987284351140261, 1460092.430757604073733 ], [ 8910173.025925120338798, 1460082.100993708474562 ], [ 8910152.497747056186199, 1460082.023210514336824 ], [ 8910152.536394963040948, 1460071.693450897466391 ], [ 8910142.272310085594654, 1460071.654553984990343 ], [ 8910142.310961417853832, 1460061.324798353714868 ], [ 8910090.990559982135892, 1460061.130259171826765 ], [ 8910091.0292295999825, 1460050.800508701708168 ], [ 8910049.972928572446108, 1460050.644811227684841 ], [ 8910050.011612759903073, 1460040.315065624658018 ], [ 8910039.747541951015592, 1460040.276132201775908 ], [ 8910039.786229558289051, 1460029.946390583645552 ], [ 8910029.522162755951285, 1460029.9074537162669 ], [ 8910029.560853788629174, 1460019.577716083731502 ], [ 8910019.29679099470377, 1460019.538775771157816 ], [ 8910019.335485449060798, 1460009.209042123751715 ], [ 8909998.807368166744709, 1460009.131150870351121 ], [ 8909998.846069760620594, 1459998.80142150237225 ], [ 8909947.525800252333283, 1459998.606629406567663 ], [ 8909947.564520128071308, 1459988.276905200676993 ], [ 8909855.188086891546845, 1459987.92604651954025 ], [ 8909855.149333575740457, 1459998.255768074886873 ], [ 8909793.565035639330745, 1459998.021692265290767 ], [ 8909793.526259740814567, 1460008.351415743352845 ], [ 8909772.998155342414975, 1460008.273359971586615 ], [ 8909772.959371721372008, 1460018.603086551651359 ], [ 8909762.695316245779395, 1460018.564052762463689 ], [ 8909762.656528614461422, 1460028.89378273836337 ], [ 8909752.39246971718967, 1460028.854744915384799 ], [ 8909752.35367807932198, 1460039.18447828781791 ], [ 8909721.561492001637816, 1460039.067341499729082 ], [ 8909721.522688923403621, 1460049.39707767800428 ], [ 8909711.258623769506812, 1460049.358024308923632 ], [ 8909711.181009301915765, 1460070.017507150769234 ], [ 8909700.916937010362744, 1460069.978449452202767 ], [ 8909700.878125621005893, 1460080.308196115074679 ], [ 8909670.085899356752634, 1460080.190999699058011 ], [ 8909670.047076528891921, 1460090.52074916777201 ], [ 8909639.254841759800911, 1460090.403518213890493 ], [ 8909639.216007491573691, 1460100.733270488446578 ], [ 8909618.687845015898347, 1460100.655097231734544 ], [ 8909618.610160736367106, 1460121.314611675683409 ], [ 8909598.08198457211256, 1460121.236422281246632 ], [ 8909598.043134560808539, 1460131.566184449475259 ], [ 8909577.514952139928937, 1460131.487979506840929 ], [ 8909577.437236374244094, 1460152.147513736272231 ], [ 8909556.90904026478529, 1460152.069292655214667 ], [ 8909556.831308463588357, 1460172.728840469149873 ], [ 8909546.567203417420387, 1460172.689723728690296 ], [ 8909546.48946300894022, 1460193.349285718752071 ], [ 8909495.168905030936003, 1460193.1536429671105 ], [ 8909495.1300158072263, 1460203.483428022125736 ], [ 8909484.865901378914714, 1460203.444287957856432 ], [ 8909484.788114616647363, 1460224.103868551086634 ], [ 8909474.523993050679564, 1460224.064724156167358 ], [ 8909474.446197681128979, 1460244.724318925058469 ], [ 8909453.917940564453602, 1460244.646017732797191 ], [ 8909453.879035009071231, 1460254.975820064311847 ], [ 8909443.614903174340725, 1460254.936663562664762 ], [ 8909443.537083746865392, 1460275.596278708660975 ], [ 8909423.00880610011518, 1460275.517953304108232 ], [ 8909422.892052456736565, 1460306.507401937851682 ], [ 8909412.627902925014496, 1460306.468232738552615 ], [ 8909412.550058260560036, 1460327.127883028937504 ], [ 8909381.75758913718164, 1460327.010351216653362 ], [ 8909381.640786489471793, 1460357.999851680127904 ], [ 8909371.37661955319345, 1460357.960666041588411 ], [ 8909371.298742217943072, 1460378.620350885437801 ], [ 8909340.506220882758498, 1460378.50276975450106 ], [ 8909340.42832007072866, 1460399.16246759169735 ], [ 8909330.164139449596405, 1460399.123265809612349 ], [ 8909330.125184886157513, 1460409.453119969693944 ], [ 8909289.068450475111604, 1460409.296274255262688 ], [ 8909288.990510733798146, 1460429.955991284223273 ], [ 8909258.197940718382597, 1460429.838315949309617 ], [ 8909258.15895925834775, 1460440.168179113883525 ], [ 8909217.102188495919108, 1460440.011225119931623 ], [ 8909217.063191875815392, 1460450.341090791393071 ], [ 8909206.798996204510331, 1460450.30184264620766 ], [ 8909206.759995572268963, 1460460.631711714202538 ], [ 8909186.231597684323788, 1460460.553203609772027 ], [ 8909186.19258932210505, 1460470.883075776509941 ], [ 8909175.92838710360229, 1460470.843815817497671 ], [ 8909175.889374732971191, 1460481.173691380769014 ], [ 8909165.625169092789292, 1460481.134427384939045 ], [ 8909165.586152710020542, 1460491.464306343812495 ], [ 8909155.321943646296859, 1460491.425038310931996 ], [ 8909155.243902564048767, 1460512.084806713275611 ], [ 8909144.979686362668872, 1460512.045534347649664 ], [ 8909144.94066166318953, 1460522.375423790654168 ], [ 8909114.148003680631518, 1460522.25758336042054 ], [ 8909114.10896753333509, 1460532.587475606240332 ], [ 8909103.844745080918074, 1460532.548187685664743 ], [ 8909103.805704923346639, 1460542.878083327552304 ], [ 8909073.013028178364038, 1460542.760196232236922 ], [ 8909072.934924680739641, 1460563.419996812939644 ], [ 8909062.670692257583141, 1460563.380693039856851 ], [ 8909062.631636347621679, 1460573.710598572622985 ], [ 8908918.932361368089914, 1460573.159948839107528 ], [ 8908918.89325312897563, 1460583.489853906678036 ], [ 8908908.629017699509859, 1460583.450493431650102 ], [ 8908908.589905450120568, 1460593.780401894357055 ], [ 8908898.325666598975658, 1460593.74103738181293 ], [ 8908898.286550335586071, 1460604.07094924012199 ], [ 8908888.022308064624667, 1460604.03158068889752 ], [ 8908887.983187789097428, 1460614.361495943041518 ], [ 8908877.718942096456885, 1460614.322123354300857 ], [ 8908877.679817808791995, 1460624.6520420035813 ], [ 8908857.151319874450564, 1460624.57328500947915 ], [ 8908857.11218785867095, 1460634.9032067572698 ], [ 8908836.583683673292398, 1460634.82443420519121 ], [ 8908836.544543927535415, 1460645.154359050793573 ], [ 8908774.959016174077988, 1460644.917949833674356 ], [ 8908774.880691189318895, 1460665.577807033667341 ], [ 8908713.295129483565688, 1460665.341259578010067 ], [ 8908713.25594424456358, 1460675.671191931003705 ], [ 8908702.991681279614568, 1460675.631753964349627 ], [ 8908702.952492026612163, 1460685.961689712945372 ], [ 8908682.423959551379085, 1460685.882801961852238 ], [ 8908682.38476256839931, 1460696.212740807328373 ], [ 8908672.120493058115244, 1460696.173291022889316 ], [ 8908672.081292062997818, 1460706.503233263269067 ], [ 8908661.817019131034613, 1460706.463779440149665 ], [ 8908661.77781412191689, 1460716.793725075665861 ], [ 8908651.513537770137191, 1460716.754267213400453 ], [ 8908651.435119429603219, 1460737.414168968563899 ], [ 8908630.906552743166685, 1460737.335240829503164 ], [ 8908630.867335693910718, 1460747.665196650428697 ], [ 8908610.338762758299708, 1460747.586252951528877 ], [ 8908610.260312903672457, 1460768.24617448146455 ], [ 8908599.996019447222352, 1460768.206696423934773 ], [ 8908599.95679035782814, 1460778.536662430502474 ], [ 8908548.635308928787708, 1460778.339214538456872 ], [ 8908548.596060955896974, 1460788.669182747136801 ], [ 8908517.803164506331086, 1460788.550668223528191 ], [ 8908517.763905083760619, 1460798.880639231298119 ], [ 8908497.235301498323679, 1460798.801610246300697 ], [ 8908497.196034345775843, 1460809.131584350718185 ], [ 8908486.931729279458523, 1460809.092063948279247 ], [ 8908486.892458114773035, 1460819.422041447367519 ], [ 8908476.628149628639221, 1460819.382517005316913 ], [ 8908476.549598969519138, 1460840.042482486227527 ], [ 8908466.285283345729113, 1460840.002953705843538 ], [ 8908466.12816359847784, 1460881.322927795583382 ], [ 8908425.07084459066391, 1460881.16477048699744 ], [ 8908425.031549042090774, 1460891.494772048434243 ], [ 8908404.502883883193135, 1460891.415670348796993 ], [ 8908404.463580600917339, 1460901.745675007114187 ], [ 8908383.934909192845225, 1460901.666557744611055 ], [ 8908383.89559818059206, 1460911.996565499110147 ], [ 8908188.873208457604051, 1460911.244199410779402 ], [ 8908188.912590105086565, 1460900.914197336416692 ], [ 8908137.590945027768612, 1460900.715983270434663 ], [ 8908137.630344968289137, 1460890.385986385634169 ], [ 8908096.573049135506153, 1460890.227348985616118 ], [ 8908096.533634325489402, 1460900.557344672270119 ], [ 8908086.269307393580675, 1460900.517675668932498 ], [ 8908086.229888569563627, 1460910.847674750257283 ], [ 8908075.965558217838407, 1460910.808001706376672 ], [ 8908075.847288804128766, 1460941.798020211746916 ], [ 8908055.318606687709689, 1460941.718661102466285 ], [ 8908055.279175518080592, 1460952.048674058867618 ], [ 8908003.957456855103374, 1460951.850209310185164 ], [ 8908003.918006798252463, 1460962.180224462179467 ], [ 8907993.653660241514444, 1460962.140519988257438 ], [ 8907993.614206170663238, 1460972.470538534224033 ], [ 8907973.08550651371479, 1460972.391117761610076 ], [ 8907973.046044711023569, 1460982.721139401663095 ], [ 8907921.724282199516892, 1460982.522520492784679 ], [ 8907921.605839226394892, 1461013.512603077571839 ], [ 8907931.870202286168933, 1461013.552335242507979 ], [ 8907931.8307244181633, 1461023.882370457518846 ], [ 8907972.888194506987929, 1461024.041262899292633 ], [ 8907972.848731212317944, 1461034.37130300863646 ], [ 8907983.11310319788754, 1461034.411017064470798 ], [ 8907983.073643323034048, 1461044.741061166860163 ], [ 8907993.338019324466586, 1461044.780771780759096 ], [ 8907993.298562869429588, 1461055.110819877125323 ], [ 8908003.562942886725068, 1461055.150527049088851 ], [ 8908003.523489849641919, 1461065.480579139199108 ], [ 8908013.787873884662986, 1461065.520282868295908 ], [ 8908013.590622825548053, 1461117.170600227778777 ], [ 8907982.797415845096111, 1461117.051473316736519 ], [ 8907982.757953584194183, 1461127.381546971155331 ], [ 8907972.493548136204481, 1461127.341830217279494 ], [ 8907972.454081859439611, 1461137.671907266369089 ], [ 8907962.18967298977077, 1461137.632186470553279 ], [ 8907962.150202699005604, 1461147.962266914080828 ], [ 8907941.621378418058157, 1461147.882813495816663 ], [ 8907941.581900389865041, 1461158.212897034129128 ], [ 8907931.317484978586435, 1461158.173164412146434 ], [ 8907931.278002934530377, 1461168.50325134396553 ], [ 8907879.955911761149764, 1461168.304530602879822 ], [ 8907879.995412396267056, 1461157.974445171188563 ], [ 8907869.730998774990439, 1461157.93469009664841 ], [ 8907869.770502829924226, 1461147.604608658934012 ], [ 8907859.506093226373196, 1461147.564850141992792 ], [ 8907859.545600701123476, 1461137.234772698953748 ], [ 8907828.752384832128882, 1461137.115475596860051 ], [ 8907828.554788695648313, 1461188.765895254444331 ], [ 8907818.290365410968661, 1461188.726120568346232 ], [ 8907818.2508415710181, 1461199.056215282296762 ], [ 8907756.664285821840167, 1461198.817486779997125 ], [ 8907756.703831974416971, 1461188.487393868155777 ], [ 8907705.381728991866112, 1461188.288352041505277 ], [ 8907705.342164248228073, 1461198.618443450890481 ], [ 8907695.077740829437971, 1461198.57862355816178 ], [ 8907695.038172068074346, 1461208.908718361053616 ], [ 8907684.77374522946775, 1461208.868894425686449 ], [ 8907684.734172452241182, 1461219.198992623016238 ], [ 8907674.469742193818092, 1461219.159164644777775 ], [ 8907674.430165397003293, 1461229.489266235614195 ], [ 8907664.165731720626354, 1461229.449434214504436 ], [ 8907664.126150906085968, 1461239.779539198847488 ], [ 8907653.861713809892535, 1461239.739703135099262 ], [ 8907653.822128979489207, 1461250.069811512483284 ], [ 8907643.557688461616635, 1461250.029971405630931 ], [ 8907643.438921021297574, 1461281.020317804533988 ], [ 8907633.174469647929072, 1461280.980473053175956 ], [ 8907633.134876184165478, 1461291.310595607385039 ], [ 8907622.870421390980482, 1461291.270746813155711 ], [ 8907622.830823909491301, 1461301.600872761104256 ], [ 8907612.566365696489811, 1461301.561019922839478 ], [ 8907612.447560301050544, 1461332.551419033436105 ], [ 8907622.712029669433832, 1461332.591272773919627 ], [ 8907622.632832014933228, 1461353.251557922223583 ], [ 8907632.897309120744467, 1461353.291408521821722 ], [ 8907632.857713563367724, 1461363.621556939091533 ], [ 8907643.12219468690455, 1461363.661404096521437 ], [ 8907643.082602551206946, 1461373.991556509397924 ], [ 8907653.347087690606713, 1461374.031400224659592 ], [ 8907653.307498972862959, 1461384.361556633142754 ], [ 8907663.571988133713603, 1461384.401396906701848 ], [ 8907663.492817239835858, 1461405.061721408506855 ], [ 8907684.021811328828335, 1461405.141391930636019 ], [ 8907683.982232872396708, 1461415.471560325240716 ], [ 8907694.246734086424112, 1461415.511390272527933 ], [ 8907693.494757270440459, 1461611.785297542577609 ], [ 8907631.907330481335521, 1461611.546227438375354 ], [ 8907631.946933215484023, 1461601.215990339638665 ], [ 8907621.682366849854589, 1461601.176132520893589 ], [ 8907621.721973003819585, 1461590.845899418694898 ], [ 8907529.340922651812434, 1461590.487013313919306 ], [ 8907529.380561981350183, 1461580.156786614796147 ], [ 8907519.116006046533585, 1461580.116891965968534 ], [ 8907519.155648799613118, 1461569.786669263383374 ], [ 8907508.891096882522106, 1461569.746771172154695 ], [ 8907508.930743053555489, 1461559.416552466107532 ], [ 8907498.666195156052709, 1461559.376650932710618 ], [ 8907498.785143030807376, 1461528.386017889017239 ], [ 8907437.197928886860609, 1461528.146535503910854 ], [ 8907437.158257577568293, 1461538.476741015911102 ], [ 8907426.893719214946032, 1461538.436813883017749 ], [ 8907426.854043889790773, 1461548.767022788757458 ], [ 8907385.795878561213613, 1461548.607275619870052 ], [ 8907385.716497253626585, 1461569.267702105920762 ], [ 8907375.45194923132658, 1461569.227755353087559 ], [ 8907375.372559286653996, 1461589.888196017127484 ], [ 8907354.843449264764786, 1461589.808290075743571 ], [ 8907354.724339781329036, 1461620.798976978519931 ], [ 8907344.459774062037468, 1461620.759017487755045 ], [ 8907344.300942342728376, 1461662.079983888193965 ], [ 8907364.830103838816285, 1461662.159901538398117 ], [ 8907364.790402598679066, 1461672.490152980200946 ], [ 8907385.319572733715177, 1461672.570056258933619 ], [ 8907385.279878633096814, 1461682.900311999255791 ], [ 8907395.544467868283391, 1461682.940258325543255 ], [ 8907395.46508620865643, 1461703.600781495915726 ], [ 8907405.729683184996247, 1461703.640724680852145 ], [ 8907405.610619604587555, 1461734.631538059329614 ], [ 8907426.139836775138974, 1461734.711415006546304 ], [ 8907426.10015575401485, 1461745.041694126557559 ], [ 8907436.364768508821726, 1461745.081627286039293 ], [ 8907436.285413010045886, 1461765.74219721602276 ], [ 8907456.814654298126698, 1461765.822053509764373 ], [ 8907456.735312482342124, 1461786.48263942822814 ], [ 8907466.999941013753414, 1461786.522562562022358 ], [ 8907466.72226126305759, 1461858.83473180863075 ], [ 8907476.986916134133935, 1461858.874653307022527 ], [ 8907476.947250122204423, 1461869.204978284658864 ], [ 8907507.741227695718408, 1461869.32472121855244 ], [ 8907507.780882550403476, 1461858.994395337533206 ], [ 8907518.045538621023297, 1461859.034301859792322 ], [ 8907518.12483998760581, 1461838.37366058328189 ], [ 8907528.38948891684413, 1461838.413562759524211 ], [ 8907528.508427564054728, 1461807.422627661610022 ], [ 8907538.773065632209182, 1461807.462525190552697 ], [ 8907538.812707528471947, 1461797.132220582803711 ], [ 8907559.341977123171091, 1461797.212003806838766 ], [ 8907559.381611280143261, 1461786.881702292244881 ], [ 8907590.175506757572293, 1461787.001348147168756 ], [ 8907590.215129455551505, 1461776.671049425611272 ], [ 8907610.744387162849307, 1461776.750794008141384 ], [ 8907610.784002119675279, 1461766.420498380437493 ], [ 8907631.31325358338654, 1461766.500227386131883 ], [ 8907631.352860802784562, 1461756.169934853678569 ], [ 8907682.675976095721126, 1461756.36919034877792 ], [ 8907682.715564416721463, 1461746.038900007959455 ], [ 8907692.980184651911259, 1461746.078739574644715 ], [ 8907693.019768953323364, 1461735.748452629428357 ], [ 8907713.549002880230546, 1461735.828119931276888 ], [ 8907713.588579446077347, 1461725.497836080146953 ], [ 8907723.853193137794733, 1461725.537663815310225 ], [ 8907723.892765684053302, 1461715.207383359083906 ], [ 8907734.157375954091549, 1461715.247207050211728 ], [ 8907734.196944480761886, 1461704.916929989354685 ], [ 8907754.726158479228616, 1461704.996565539389849 ], [ 8907754.765719266608357, 1461694.666291573317721 ], [ 8907806.088740892708302, 1461694.865313433343545 ], [ 8907806.04919870197773, 1461705.195588901173323 ], [ 8907816.313807643949986, 1461705.235382342711091 ], [ 8907816.274268876761198, 1461715.565661806147546 ], [ 8907826.538881834596395, 1461715.605451804585755 ], [ 8907826.499346487224102, 1461725.935735264094546 ], [ 8907847.028580740094185, 1461726.015304629923776 ], [ 8907846.989052534103394, 1461736.345592386089265 ], [ 8907857.253673829138279, 1461736.385371753945947 ], [ 8907857.214149046689272, 1461746.715663505485281 ], [ 8907867.478774357587099, 1461746.755439429776743 ], [ 8907867.439252994954586, 1461757.085735177854076 ], [ 8907887.968511955812573, 1461757.165276394924149 ], [ 8907887.928997734561563, 1461767.495576438726857 ], [ 8907898.193631380796432, 1461767.535341731738299 ], [ 8907898.154120583087206, 1461777.865645771380514 ], [ 8907908.418758247047663, 1461777.905407620826736 ], [ 8907908.221218377351761, 1461829.556984758237377 ], [ 8907836.368630779907107, 1461829.278562688734382 ], [ 8907836.329095868393779, 1461839.608887103386223 ], [ 8907805.535123070701957, 1461839.489506299141794 ], [ 8907805.416483068838716, 1461870.480499016819522 ], [ 8907795.151814905926585, 1461870.440697026904672 ], [ 8907795.072712635621428, 1461891.101376718841493 ], [ 8907784.808037333190441, 1461891.061570383841172 ], [ 8907784.768482027575374, 1461901.391915473621339 ], [ 8907774.503803301602602, 1461901.352105093887076 ], [ 8907774.464243980124593, 1461911.68245357950218 ], [ 8907764.199561832472682, 1461911.642639155499637 ], [ 8907764.120434852316976, 1461932.303346615051851 ], [ 8907753.855745561420918, 1461932.263527845731005 ], [ 8907753.816177904605865, 1461942.593886819435284 ], [ 8907733.28679277934134, 1461942.514237447874621 ], [ 8907733.247217381373048, 1461952.844599516596645 ], [ 8907651.129659075289965, 1461952.525849855039269 ], [ 8907650.971235437318683, 1461993.847325474722311 ], [ 8907640.706527112051845, 1461993.80746371508576 ], [ 8907640.627306057140231, 1462014.468223101925105 ], [ 8907630.362590590491891, 1462014.428356996038929 ], [ 8907630.32297589443624, 1462024.758741933386773 ], [ 8907578.999384440481663, 1462024.559353733435273 ], [ 8907578.959750840440392, 1462034.889740863349289 ], [ 8907558.430308913812041, 1462034.809958770405501 ], [ 8907558.390667572617531, 1462045.14034899417311 ], [ 8907548.125943336635828, 1462045.100452030310407 ], [ 8907548.086297977715731, 1462055.430845649912953 ], [ 8907517.292115902528167, 1462055.311131387017667 ], [ 8907517.13348682411015, 1462096.632739219814539 ], [ 8907527.398228766396642, 1462096.672648923238739 ], [ 8907527.358574466779828, 1462107.003060424467549 ], [ 8907537.623320428654552, 1462107.042966684093699 ], [ 8907537.583669554442167, 1462117.373382182791829 ], [ 8907568.377920398488641, 1462117.493079397128895 ], [ 8907568.417560111731291, 1462107.162662995047867 ], [ 8907578.682307271286845, 1462107.202554275980219 ], [ 8907578.761578358709812, 1462086.54173196060583 ], [ 8907589.026318375021219, 1462086.581618895055726 ], [ 8907589.065949749201536, 1462076.251212981296703 ], [ 8907660.91911219805479, 1462076.530314567266032 ], [ 8907660.839901242405176, 1462097.191134302178398 ], [ 8907742.957878652960062, 1462097.509887676686049 ], [ 8907742.918302495032549, 1462107.84030549437739 ], [ 8907763.447807276621461, 1462107.91995699214749 ], [ 8907763.249959208071232, 1462159.572104537393898 ], [ 8907804.309046778827906, 1462159.731368603883311 ], [ 8907804.34860210493207, 1462149.400930499890819 ], [ 8907835.142909754067659, 1462149.520338328555226 ], [ 8907835.18245361931622, 1462139.189903020160273 ], [ 8907845.447219712659717, 1462139.22969783958979 ], [ 8907845.486759558320045, 1462128.899265928426757 ], [ 8907855.751522228121758, 1462128.939056703355163 ], [ 8907855.791058054193854, 1462118.608628188027069 ], [ 8907876.320576848462224, 1462118.688197903102264 ], [ 8907876.360104935243726, 1462108.35777248442173 ], [ 8907886.624861057847738, 1462108.397551424568519 ], [ 8907886.664385125041008, 1462098.067129402887076 ], [ 8907896.929137827828526, 1462098.106904298299924 ], [ 8907896.968657873570919, 1462087.77648567315191 ], [ 8907979.086660454049706, 1462088.094547628657892 ], [ 8907979.12615043669939, 1462077.764130300842226 ], [ 8908071.50889265537262, 1462078.121660837437958 ], [ 8908071.548348851501942, 1462067.791244509164244 ], [ 8908122.87208635173738, 1462067.989740025484934 ], [ 8908122.832648757845163, 1462078.320157851558179 ], [ 8908153.626905992627144, 1462078.439211124554276 ], [ 8908153.587479265406728, 1462088.769633545773104 ], [ 8908194.646507961675525, 1462088.928320015082136 ], [ 8908194.685919806361198, 1462078.597896396415308 ], [ 8908215.215428499504924, 1462078.677216565003619 ], [ 8908215.254832604900002, 1462068.346796045079827 ], [ 8908225.51958367601037, 1462068.386450213380158 ], [ 8908225.558983763679862, 1462058.056033090455458 ], [ 8908235.823731413111091, 1462058.095683214953169 ], [ 8908235.863127483054996, 1462047.765269489958882 ], [ 8908266.65736104734242, 1462047.884196498198435 ], [ 8908266.696745658293366, 1462037.553785572759807 ], [ 8908318.020455610007048, 1462037.751920867012814 ], [ 8908317.981089605018497, 1462048.082333287457004 ], [ 8908379.569573679938912, 1462048.319973864359781 ], [ 8908379.60891736112535, 1462037.989559651119635 ], [ 8908389.87366202659905, 1462038.029153009410948 ], [ 8908389.9130016900599, 1462027.698742193635553 ], [ 8908410.44248447008431, 1462027.777917079161853 ], [ 8908410.48181639611721, 1462017.447509362362325 ], [ 8908420.746554508805275, 1462017.487090890295804 ], [ 8908420.785882417112589, 1462007.15668657142669 ], [ 8908431.050617108121514, 1462007.196264055557549 ], [ 8908431.12926459312439, 1461986.5354659112636 ], [ 8908441.393992140889168, 1461986.575039054034278 ], [ 8908441.433311715722084, 1461976.244645227910951 ], [ 8908461.962760258466005, 1461976.32377968262881 ], [ 8908462.002072095870972, 1461965.993388955714181 ], [ 8908472.266793090850115, 1461966.032950268359855 ], [ 8908472.306100912392139, 1461955.702562939375639 ], [ 8908503.100254518911242, 1461955.821223515318707 ], [ 8908503.139550881460309, 1461945.490838988218457 ], [ 8908544.19841162674129, 1461945.648999475408345 ], [ 8908544.237692810595036, 1461935.318617451004684 ], [ 8908595.561256812885404, 1461935.516232323367149 ], [ 8908595.521994231268764, 1461945.846615839051083 ], [ 8908605.786711640655994, 1461945.886127878678963 ], [ 8908605.708193028345704, 1461966.546906595351174 ], [ 8908615.97291817702353, 1461966.586415487108752 ], [ 8908615.93366214632988, 1461976.916810688795522 ], [ 8908636.463120771571994, 1461976.995817834977061 ], [ 8908636.423871885985136, 1461987.326217328896746 ], [ 8908759.600693166255951, 1461987.799949254374951 ], [ 8908759.757508344948292, 1461946.478359160711989 ], [ 8908811.081122050061822, 1461946.675582373980433 ], [ 8908810.885195352137089, 1461998.327586672268808 ], [ 8908831.414680110290647, 1461998.40645272214897 ], [ 8908831.37550132535398, 1462008.736865266226232 ], [ 8908872.434489274397492, 1462008.89455362316221 ], [ 8908872.473653176799417, 1461998.564139889087528 ], [ 8908934.062121646478772, 1461998.80055830697529 ], [ 8908934.101262930780649, 1461988.470146486302838 ], [ 8908944.36600498855114, 1461988.509536153404042 ], [ 8908944.405142256990075, 1461978.179127731127664 ], [ 8908964.934619819745421, 1461978.257895237300545 ], [ 8908964.973749350756407, 1461967.927489917259663 ], [ 8909006.032693138346076, 1461968.084978809114546 ], [ 8909006.07180749066174, 1461957.754575997358188 ], [ 8909016.336540454998612, 1461957.79393856250681 ], [ 8909016.37565079331398, 1461947.463539150543511 ], [ 8909026.640380332246423, 1461947.502897674450651 ], [ 8909026.679486654698849, 1461937.172501661814749 ], [ 8909047.208939177915454, 1461937.251206882297993 ], [ 8909047.24803776293993, 1461926.920813972130418 ], [ 8909057.512760749086738, 1461926.960160669172183 ], [ 8909057.551855318248272, 1461916.629771158332005 ], [ 8909078.081294730305672, 1461916.708452726015821 ], [ 8909078.120381565764546, 1461906.378066318342462 ], [ 8909098.6498147174716, 1461906.456732315011322 ], [ 8909098.688893815502524, 1461896.126349010504782 ], [ 8909119.218320706859231, 1461896.204999436857179 ], [ 8909119.257392069324851, 1461885.874619234353304 ], [ 8909150.051523458212614, 1461885.992565903114155 ], [ 8909150.129642978310585, 1461865.3318148071412 ], [ 8909160.39434658922255, 1461865.371122281765565 ], [ 8909160.433402186259627, 1461855.040751982014626 ], [ 8909170.698102371767163, 1461855.080055415863171 ], [ 8909170.932407438755035, 1461793.09790945216082 ], [ 8909181.197085598483682, 1461793.137207362568006 ], [ 8909181.587533254176378, 1461689.83392346627079 ], [ 8909191.852174509316683, 1461689.87321466836147 ], [ 8909191.891213934868574, 1461679.542906308779493 ], [ 8909212.420489890500903, 1461679.621476888889447 ], [ 8909212.45952158048749, 1461669.291171632474288 ], [ 8909243.253426566720009, 1461669.408998537110165 ], [ 8909243.292446801438928, 1461659.078696086304262 ], [ 8909294.6156090721488, 1461659.274997908156365 ], [ 8909294.65461041405797, 1461648.944697672035545 ], [ 8909387.036287574097514, 1461649.297802443848923 ], [ 8909386.997319709509611, 1461659.628105344250798 ], [ 8909397.261955695226789, 1461659.667320786742494 ], [ 8909397.184026522561908, 1461680.327938267029822 ], [ 8909407.44867024384439, 1461680.367150556761771 ], [ 8909407.409708935767412, 1461690.697465136181563 ], [ 8909417.674356669187546, 1461690.736673978623003 ], [ 8909417.518523372709751, 1461732.057970436522737 ], [ 8909448.3125129789114, 1461732.175578052410856 ], [ 8909448.273565080016851, 1461742.505912294378504 ], [ 8909458.53823259100318, 1461742.545107641490176 ], [ 8909458.460343349725008, 1461763.205787803744897 ], [ 8909489.254369966685772, 1461763.323353155283257 ], [ 8909489.332236886024475, 1461742.662671219324693 ], [ 8909499.596905572339892, 1461742.701851591002196 ], [ 8909499.635834872722626, 1461732.371515870792791 ], [ 8909520.165165688842535, 1461732.449864791939035 ], [ 8909520.204087253659964, 1461722.119532176293433 ], [ 8909530.46874938160181, 1461722.158700725762174 ], [ 8909530.507666934281588, 1461711.828371510608122 ], [ 8909622.889605833217502, 1461712.180717329028994 ], [ 8909622.928489612415433, 1461701.850389150669798 ], [ 8909694.78109915740788, 1461702.124224185245112 ], [ 8909694.819956604391336, 1461691.79389763600193 ], [ 8909705.084612565115094, 1461691.833001657156274 ], [ 8909705.123465998098254, 1461681.502678509103134 ], [ 8909715.388118533417583, 1461681.541778491111472 ], [ 8909715.426967954263091, 1461671.211458743317053 ], [ 8909735.956266462802887, 1461671.289646887220442 ], [ 8909735.995108149945736, 1461660.959330245153978 ], [ 8909746.259754125028849, 1461660.998418406583369 ], [ 8909746.376266269013286, 1461630.007489769021049 ], [ 8909766.905536780133843, 1461630.085653092013672 ], [ 8909766.944366134703159, 1461619.755350347142667 ], [ 8909910.649240460246801, 1461620.302070211851969 ], [ 8909910.610463179647923, 1461630.63237708224915 ], [ 8909920.875102976337075, 1461630.671400719787925 ], [ 8909920.797554975375533, 1461651.332026135874912 ], [ 8909931.062202505767345, 1461651.371046619256958 ], [ 8909930.984660774469376, 1461672.0316874072887 ], [ 8909951.513971589505672, 1461672.109718320192769 ], [ 8909951.475207723677158, 1461682.440044846385717 ], [ 8909972.004527151584625, 1461682.518061373848468 ], [ 8909971.965770432725549, 1461692.84839218412526 ], [ 8910033.55375805310905, 1461693.082353685284033 ], [ 8910033.515023360028863, 1461703.412689957767725 ], [ 8910043.779692709445953, 1461703.451670732349157 ], [ 8910043.702229887247086, 1461724.112354951910675 ], [ 8910064.231584338471293, 1461724.190306447213516 ], [ 8910064.192859929054976, 1461734.520654688589275 ], [ 8910074.457541313022375, 1461734.559625114779919 ], [ 8910074.418820330873132, 1461744.88997734664008 ], [ 8910084.683505726978183, 1461744.928944322746247 ], [ 8910084.644788173958659, 1461755.259300544159487 ], [ 8910105.174167282879353, 1461755.337223853683099 ], [ 8910105.135456876829267, 1461765.667584359180182 ], [ 8910135.929538894444704, 1461765.784442126052454 ], [ 8910135.813439400866628, 1461796.775548463920131 ], [ 8910146.07814515195787, 1461796.814494446152821 ], [ 8910146.039448458701372, 1461807.144870911492035 ], [ 8910156.304158221930265, 1461807.1838134448044 ], [ 8910156.226771393790841, 1461827.844578050076962 ], [ 8910166.491488890722394, 1461827.883517426904291 ], [ 8910166.414108335971832, 1461848.544297404820099 ], [ 8910176.6788335647434, 1461848.583233625162393 ], [ 8910176.640146570280194, 1461858.913629452232271 ], [ 8910186.904875809326768, 1461858.952562222024426 ], [ 8910186.866192242130637, 1461869.282962038880214 ], [ 8910197.130925495177507, 1461869.32189135835506 ], [ 8910197.092245357111096, 1461879.652295164996758 ], [ 8910217.621720179915428, 1461879.730143158696592 ], [ 8910217.583047188818455, 1461890.060551249654964 ], [ 8910227.847788758575916, 1461890.099469923647121 ], [ 8910227.693108761683106, 1461931.421140423975885 ], [ 8910237.957865506410599, 1461931.460056528449059 ], [ 8910237.687190314754844, 1462003.773124271305278 ], [ 8910247.951973395422101, 1462003.812038686592132 ], [ 8910247.874642439186573, 1462024.472949040820822 ], [ 8910258.13943325355649, 1462024.511860298924148 ], [ 8910258.100771058350801, 1462034.842321314383298 ], [ 8910268.365565882995725, 1462034.881229121470824 ], [ 8910268.326907118782401, 1462045.211694127181545 ], [ 8910299.121304508298635, 1462045.328395961550996 ], [ 8910298.85076311789453, 1462117.64176067407243 ], [ 8910288.585937649011612, 1462117.60286175319925 ], [ 8910288.122074492275715, 1462241.569047761149704 ], [ 8910267.592335123568773, 1462241.491231640102342 ], [ 8910267.553670521825552, 1462251.821770585374907 ], [ 8910257.288797553628683, 1462251.782856613630429 ], [ 8910257.250128937885165, 1462262.113398962421343 ], [ 8910246.985252538695931, 1462262.074480951298028 ], [ 8910246.946579910814762, 1462272.405026704072952 ], [ 8910236.681700082495809, 1462272.366104654734954 ], [ 8910236.48831395059824, 1462324.018887408776209 ], [ 8910226.223415808752179, 1462323.979960145661607 ], [ 8910226.068686760962009, 1462365.302251728484407 ], [ 8910256.8634267244488, 1462365.419025804381818 ], [ 8910256.708737667649984, 1462406.741380071034655 ], [ 8910287.503524919971824, 1462406.858123959973454 ], [ 8910287.271549569442868, 1462468.841771575156599 ], [ 8910318.06640644185245, 1462468.958487035706639 ], [ 8910317.795833421871066, 1462541.272917001508176 ], [ 8910307.530854783952236, 1462541.234013539971784 ], [ 8910307.492196606472135, 1462551.564660890260711 ], [ 8910225.372348237782717, 1462551.253295992035419 ], [ 8910225.024143500253558, 1462644.229267428861931 ], [ 8910214.759130267426372, 1462644.190327316522598 ], [ 8910214.643045598641038, 1462675.182383482577279 ], [ 8910245.438119675964117, 1462675.299195225117728 ], [ 8910245.515487411990762, 1462654.637818986317143 ], [ 8910255.780505243688822, 1462654.67674815421924 ], [ 8910255.857864366844296, 1462634.015386122046039 ], [ 8910266.122875045984983, 1462634.054310956504196 ], [ 8910266.238900376483798, 1462603.062294764677063 ], [ 8910276.503900177776814, 1462603.101214972091839 ], [ 8910276.619911715388298, 1462572.109231183538213 ], [ 8910348.474840339273214, 1462572.38156157778576 ], [ 8910348.51348421163857, 1462562.050905657699332 ], [ 8910358.778471460565925, 1462562.089794722385705 ], [ 8910358.817111318930984, 1462551.759142206516117 ], [ 8910410.142033321782947, 1462551.953529872465879 ], [ 8910410.25789531506598, 1462520.961590115213767 ], [ 8910420.522869424894452, 1462521.000455530826002 ], [ 8910420.947633350268006, 1462407.363624601624906 ], [ 8910451.742434598505497, 1462407.480188701301813 ], [ 8910451.781036587432027, 1462397.149589014705271 ], [ 8910492.84076077863574, 1462397.304954203544185 ], [ 8910492.879347588866949, 1462386.974357042927295 ], [ 8910503.144275642931461, 1462387.01318868319504 ], [ 8910503.298605082556605, 1462345.690835845889524 ], [ 8910523.82843229174614, 1462345.768485546577722 ], [ 8910523.867006480693817, 1462335.437905995408073 ], [ 8910564.926649505272508, 1462335.593159280251712 ], [ 8910564.965208515524864, 1462325.262582255993038 ], [ 8910575.230116279795766, 1462325.301385920727625 ], [ 8910575.268671276047826, 1462314.970812300220132 ], [ 8910585.533575607463717, 1462315.009611927205697 ], [ 8910585.572126595303416, 1462304.679041711613536 ], [ 8910606.101928688585758, 1462304.756629144074395 ], [ 8910606.179014900699258, 1462284.095498634967953 ], [ 8910626.708803271874785, 1462284.17306991526857 ], [ 8910626.747338498011231, 1462273.842509621754289 ], [ 8910647.277120588347316, 1462273.920065335929394 ], [ 8910647.315648082643747, 1462263.589508154429495 ], [ 8910667.845423894003034, 1462263.667048302711919 ], [ 8910667.883943654596806, 1462253.336494233924896 ], [ 8910688.413713185116649, 1462253.414018816314638 ], [ 8910688.452225212007761, 1462243.083467859309167 ], [ 8910698.717106692492962, 1462243.122224240796641 ], [ 8910698.755614707246423, 1462232.791676688939333 ], [ 8910719.285371098667383, 1462232.869177631568164 ], [ 8910719.323871377855539, 1462222.53863319195807 ], [ 8910729.588746288791299, 1462222.577377752633765 ], [ 8910729.627242555841804, 1462212.246836718404666 ], [ 8910739.892114035785198, 1462212.285577242495492 ], [ 8910739.930606292560697, 1462201.955039612716064 ], [ 8910801.519818942993879, 1462202.187402354320511 ], [ 8910801.481349013745785, 1462212.517941736383364 ], [ 8910852.80571947991848, 1462212.711475825170055 ], [ 8910852.844170803204179, 1462202.380934982560575 ], [ 8910863.10904204659164, 1462202.419630273012444 ], [ 8910863.147489357739687, 1462192.089092836016789 ], [ 8910883.677225271239877, 1462192.166471597505733 ], [ 8910883.715664848685265, 1462181.835937274387106 ], [ 8910945.304857227951288, 1462182.067981927655637 ], [ 8910945.343274189159274, 1462171.73744955076836 ], [ 8911006.93245467916131, 1462171.969357634196058 ], [ 8911006.894060045480728, 1462182.299891760805622 ], [ 8911017.158928195014596, 1462182.338530291803181 ], [ 8911017.082145502790809, 1462202.999610219849274 ], [ 8911037.611897557973862, 1462203.076877213316038 ], [ 8911037.573513219133019, 1462213.407423306023702 ], [ 8911232.606286231428385, 1462214.140718128299341 ], [ 8911232.567972308024764, 1462224.471273450413719 ], [ 8911242.83286171220243, 1462224.509830754250288 ], [ 8911242.794551219791174, 1462234.840390064287931 ], [ 8911253.059444636106491, 1462234.878943913849071 ], [ 8911252.982830226421356, 1462255.540074206888676 ], [ 8911263.247731374576688, 1462255.57862489297986 ], [ 8911263.209427459165454, 1462265.909195876214653 ], [ 8911273.474332617595792, 1462265.947743108030409 ], [ 8911273.397731360048056, 1462286.608896748162806 ], [ 8911293.927557429298759, 1462286.68598113884218 ], [ 8911293.889263808727264, 1462297.01656408701092 ], [ 8911304.154180999845266, 1462297.055100954836234 ], [ 8911304.03930957056582, 1462328.046872855396941 ], [ 8911386.158746814355254, 1462328.355039940448478 ], [ 8911386.005699956789613, 1462369.677463537780568 ], [ 8911396.270645797252655, 1462369.715968730859458 ], [ 8911396.117609208449721, 1462411.03845265135169 ], [ 8911406.38257022574544, 1462411.07695526140742 ], [ 8911406.344314079731703, 1462421.407585776178166 ], [ 8911416.609279107302427, 1462421.446084929862991 ], [ 8911416.532773388549685, 1462442.107357633765787 ], [ 8911437.062719199806452, 1462442.184345866087824 ], [ 8911437.024473352357745, 1462452.514988345559686 ], [ 8911447.289450412616134, 1462452.553477133158594 ], [ 8911447.251207998022437, 1462462.884123600553721 ], [ 8911467.78117042966187, 1462462.9610905200243 ], [ 8911467.742935169488192, 1462473.291741265682504 ], [ 8911498.537892146036029, 1462473.407164421165362 ], [ 8911498.499667763710022, 1462483.737819735659286 ], [ 8911549.824620438739657, 1462483.930118194781244 ], [ 8911549.786414377391338, 1462494.260778657859191 ], [ 8911580.581400608643889, 1462494.376113652717322 ], [ 8911580.543205427005887, 1462504.706778683932498 ], [ 8911601.073205133900046, 1462504.7836505305022 ], [ 8911601.035017106682062, 1462515.114319839281961 ], [ 8911631.830029994249344, 1462515.229600384831429 ], [ 8911631.791852846741676, 1462525.560274260584265 ], [ 8911662.586879493668675, 1462525.675521961878985 ], [ 8911662.548713224008679, 1462536.00620040576905 ], [ 8911683.078739874064922, 1462536.083014055620879 ], [ 8911683.04058076068759, 1462546.413696776842698 ], [ 8911703.570616006851196, 1462546.490496022626758 ], [ 8911703.532464051619172, 1462556.82118302048184 ], [ 8911713.797485828399658, 1462556.859577313996851 ], [ 8911713.759337306022644, 1462567.190268300008029 ], [ 8911754.819442182779312, 1462567.343809169949964 ], [ 8911754.781308263540268, 1462577.674505011877045 ], [ 8911765.046338923275471, 1462577.712881154147908 ], [ 8911765.008208436891437, 1462588.043580983998254 ], [ 8911785.538278067484498, 1462588.120322607690468 ], [ 8911785.500154737383127, 1462598.451026714639738 ], [ 8911826.560312340036035, 1462598.604466165881604 ], [ 8911826.598420780152082, 1462588.273760901298374 ], [ 8911847.12849386036396, 1462588.350457571446896 ], [ 8911847.166594568639994, 1462578.019755426794291 ], [ 8911867.696661356836557, 1462578.096436533378437 ], [ 8911867.734754331409931, 1462567.765737508423626 ], [ 8911877.999784434214234, 1462567.80407215305604 ], [ 8911878.075962077826262, 1462547.142684620106593 ], [ 8911888.340985022485256, 1462547.181014940841123 ], [ 8911888.37906969152391, 1462536.850326431915164 ], [ 8911929.439149457961321, 1462537.003609097795561 ], [ 8911929.477218950167298, 1462526.67292313138023 ], [ 8911939.742235887795687, 1462526.711234143935144 ], [ 8911939.780301371589303, 1462516.380551586393267 ], [ 8911950.045314874500036, 1462516.418858563527465 ], [ 8911950.083376348018646, 1462506.088179415557534 ], [ 8912021.938452856615186, 1462506.356221348280087 ], [ 8912021.900417437776923, 1462516.686902518616989 ], [ 8912032.165433239191771, 1462516.725179528119043 ], [ 8912032.127401255071163, 1462527.055864684982225 ], [ 8912042.392421064898372, 1462527.094138237880543 ], [ 8912042.354392517358065, 1462537.424827381502837 ], [ 8912073.149464834481478, 1462537.539626428158954 ], [ 8912073.18748221732676, 1462527.208936418406665 ], [ 8912083.452503174543381, 1462527.24719498725608 ], [ 8912083.490516547113657, 1462516.916508386610076 ], [ 8912093.755534069612622, 1462516.954762920504436 ], [ 8912093.793543430045247, 1462506.624079730128869 ], [ 8912145.118616733700037, 1462506.815294766565785 ], [ 8912145.080625982955098, 1462517.145979399560019 ], [ 8912186.140704674646258, 1462517.298885154770687 ], [ 8912186.178680539131165, 1462506.968199368566275 ], [ 8912196.443697206676006, 1462507.006416154559702 ], [ 8912196.519640628248453, 1462486.34505509887822 ], [ 8912319.699773656204343, 1462486.803357427706942 ], [ 8912319.585992088541389, 1462517.795414928114042 ], [ 8912329.851016201078892, 1462517.83358330396004 ], [ 8912329.737243225798011, 1462548.825674950378016 ], [ 8912350.26731464266777, 1462548.902002191636711 ], [ 8912350.229397190734744, 1462559.232707378687337 ], [ 8912381.024517631158233, 1462559.347171008586884 ], [ 8912380.834981905296445, 1462611.000756735680625 ], [ 8912360.304864102974534, 1462610.9244485180825 ], [ 8912360.22903292067349, 1462631.585907545406371 ], [ 8912308.903706194832921, 1462631.395068562589586 ], [ 8912308.751965945586562, 1462672.718025241512805 ], [ 8912319.017045607790351, 1462672.756201682379469 ], [ 8912318.979113552719355, 1462683.086950385943055 ], [ 8912349.774365426972508, 1462683.201458094175905 ], [ 8912349.698522793129086, 1462703.862968323985115 ], [ 8912359.963614769279957, 1462703.901130642741919 ], [ 8912359.92569674551487, 1462714.231891593197361 ], [ 8912370.190792730078101, 1462714.270050453022122 ], [ 8912370.11496327072382, 1462734.931584026198834 ], [ 8912421.440484711900353, 1462735.12232500477694 ], [ 8912421.250999126583338, 1462786.776230856310576 ], [ 8912472.576620789244771, 1462786.966885359259322 ], [ 8912472.614499863237143, 1462776.636095353867859 ], [ 8912523.940110059455037, 1462776.826654751086608 ], [ 8912523.864388853311539, 1462797.488241335144266 ], [ 8912564.924911934882402, 1462797.640623710816726 ], [ 8912564.849219370633364, 1462818.302227388834581 ], [ 8912585.379497515037656, 1462818.378397244727239 ], [ 8912585.00109202042222, 1462921.686643316177651 ], [ 8912554.205563535913825, 1462921.572374294977635 ], [ 8912554.167710244655609, 1462931.903218385064974 ], [ 8912523.372173158451915, 1462931.788914778036997 ], [ 8912523.182846574112773, 1462983.443186408141628 ], [ 8912461.591668417677283, 1462983.214469397673383 ], [ 8912461.440112641081214, 1463024.537946390453726 ], [ 8912399.848855413496494, 1463024.309087574947625 ], [ 8912399.621379122138023, 1463086.294403693638742 ], [ 8912420.151841739192605, 1463086.370708406670019 ], [ 8912419.962307535111904, 1463138.025243120500818 ], [ 8912491.819066030904651, 1463138.29220163426362 ], [ 8912491.667537789791822, 1463179.615904052276164 ], [ 8912501.932805044576526, 1463179.654027141397819 ], [ 8912501.743406930938363, 1463231.308739847969264 ], [ 8912512.008693089708686, 1463231.346860626945272 ], [ 8912511.629912676289678, 1463334.656566416379064 ], [ 8912460.303298523649573, 1463334.465910668950528 ], [ 8912460.113804487511516, 1463386.120895135682076 ], [ 8912419.052443822845817, 1463385.968297317158431 ], [ 8912418.862868146970868, 1463437.623368541477248 ], [ 8912429.128226509317756, 1463437.661525056697428 ], [ 8912428.938662305474281, 1463489.316690232604742 ], [ 8912439.204039575532079, 1463489.354844437679276 ], [ 8912439.166129602119327, 1463499.685888862470165 ], [ 8912459.696892449632287, 1463499.762186602223665 ], [ 8912459.431566776707768, 1463572.079605223378167 ], [ 8912469.696974705904722, 1463572.117750482866541 ], [ 8912469.507466414943337, 1463623.773161962162703 ], [ 8912500.303747789934278, 1463623.887579559814185 ], [ 8912500.379529612138867, 1463603.225402139592916 ], [ 8912510.644949859008193, 1463603.26353326626122 ], [ 8912510.682836616411805, 1463592.932449820218608 ], [ 8912520.94825342297554, 1463592.970576910069212 ], [ 8912521.061900803819299, 1463561.977347916224971 ], [ 8912572.388933248817921, 1463562.167922821361572 ], [ 8912572.351069698110223, 1463572.498996888287365 ], [ 8912582.616480769589543, 1463572.537100909976289 ], [ 8912582.578620659187436, 1463582.868178964825347 ], [ 8912592.844035740941763, 1463582.906279525253922 ], [ 8912592.579033048823476, 1463655.223931550281122 ], [ 8912602.8444744925946, 1463655.262030371464789 ], [ 8912602.806619547307491, 1463665.593138609081507 ], [ 8912613.072065001353621, 1463665.631233968539163 ], [ 8912612.844951691105962, 1463727.617962844669819 ], [ 8912551.252149136736989, 1463727.389324110699818 ], [ 8912551.290024420246482, 1463717.058195101795718 ], [ 8912510.228176666423678, 1463716.905695442343131 ], [ 8912510.076614204794168, 1463758.230229089036584 ], [ 8912540.873044298961759, 1463758.34461290598847 ], [ 8912540.607877228409052, 1463830.662695328239352 ], [ 8912530.342374164611101, 1463830.624569127103314 ], [ 8912530.115054605528712, 1463892.611639556009322 ], [ 8912519.849529473111033, 1463892.573507881024852 ], [ 8912519.470603423193097, 1463995.885585200740024 ], [ 8912529.736165817826986, 1463995.92371975001879 ], [ 8912529.660384630784392, 1464016.586180212209001 ], [ 8912560.457095881924033, 1464016.700563083402812 ], [ 8912560.57073369808495, 1463985.706875356147066 ], [ 8912570.836293509230018, 1463985.7449946179986 ], [ 8912570.874168483540416, 1463975.413772492902353 ], [ 8912622.201953185722232, 1463975.60431111510843 ], [ 8912622.050526099279523, 1464016.929227572632954 ], [ 8912652.847245059907436, 1464017.043509190902114 ], [ 8912653.112161215394735, 1463944.724938231520355 ], [ 8912673.643256450071931, 1463944.801103208679706 ], [ 8912673.756765307858586, 1463913.807483747368678 ], [ 8912653.225692428648472, 1463913.73132049292326 ], [ 8912653.452747151255608, 1463851.744184964103624 ], [ 8912745.842382894828916, 1463852.086785996565595 ], [ 8912745.804574687033892, 1463862.417968579567969 ], [ 8912766.335615441203117, 1463862.494061469798908 ], [ 8912766.297814399003983, 1463872.825248327106237 ], [ 8912786.828863747417927, 1463872.901326792081818 ], [ 8912786.791069870814681, 1463883.232517924858257 ], [ 8912879.180839568376541, 1463883.574687984306365 ], [ 8912879.029795357957482, 1463924.899499849881977 ], [ 8912930.357529675588012, 1463925.089468812802806 ], [ 8912930.131066597998142, 1463987.076806259108707 ], [ 8912940.396636674180627, 1463987.114790519699454 ], [ 8912940.358895557001233, 1463997.446026670513675 ], [ 8912950.624469643458724, 1463997.484007467282936 ], [ 8912950.586731968447566, 1464007.815247606718913 ], [ 8912981.383467109873891, 1464007.929168355185539 ], [ 8912981.308013264089823, 1464028.591661457205191 ], [ 8913022.370360581204295, 1464028.743505576392636 ], [ 8913022.408072739839554, 1464018.412256029201671 ], [ 8913145.59509726986289, 1464018.867424940224737 ], [ 8913145.670431304723024, 1463998.204930093372241 ], [ 8913155.936011077836156, 1463998.242835888173431 ], [ 8913155.973673943430185, 1463987.91159373219125 ], [ 8913166.239250272512436, 1463987.949495491571724 ], [ 8913166.352225987240672, 1463956.955790378851816 ], [ 8913176.617791421711445, 1463956.993687531910837 ], [ 8913176.655445698648691, 1463946.662459612358361 ], [ 8913186.921007692813873, 1463946.700352729065344 ], [ 8913187.071607058867812, 1463905.375476929126307 ], [ 8913197.337154431268573, 1463905.413365154294297 ], [ 8913197.374799836426973, 1463895.082155172945932 ], [ 8913207.640343766659498, 1463895.120039362926036 ], [ 8913207.753267103806138, 1463864.126430773874745 ], [ 8913218.01880014128983, 1463864.164310357300565 ], [ 8913218.094073493033648, 1463843.501922569004819 ], [ 8913228.359599363058805, 1463843.539797831792384 ], [ 8913228.472496084868908, 1463812.546243055723608 ], [ 8913238.738011060282588, 1463812.58411371242255 ], [ 8913238.775639006868005, 1463802.252935904543847 ], [ 8913249.041150541976094, 1463802.290802526287735 ], [ 8913249.07877448014915, 1463791.959628134965897 ], [ 8913320.937337076291442, 1463792.224587502423674 ], [ 8913321.012531943619251, 1463771.562245830427855 ], [ 8913331.278034567832947, 1463771.600081599783152 ], [ 8913331.315627850592136, 1463761.268916030647233 ], [ 8913341.581127034500241, 1463761.306747765513137 ], [ 8913341.618716306984425, 1463750.975585612934083 ], [ 8913372.41520438157022, 1463751.08905746624805 ], [ 8913372.452782195061445, 1463740.757898159325123 ], [ 8913382.718275060877204, 1463740.795714326901361 ], [ 8913382.755848864093423, 1463730.464558436535299 ], [ 8913393.021338289603591, 1463730.502370569389313 ], [ 8913393.096477596089244, 1463709.840069322613999 ], [ 8913403.361959850415587, 1463709.877877135993913 ], [ 8913403.399525353685021, 1463699.546731780050322 ], [ 8913413.665004167705774, 1463699.584535559406504 ], [ 8913413.740126872435212, 1463678.922255380544811 ], [ 8913424.005598518997431, 1463678.960054840659723 ], [ 8913424.04315572232008, 1463668.628920018440112 ], [ 8913434.308623926714063, 1463668.666715444298461 ], [ 8913434.383730029687285, 1463648.004456332651898 ], [ 8913444.649191066622734, 1463648.042247439967468 ], [ 8913444.686739968135953, 1463637.711123151471838 ], [ 8913454.952197562903166, 1463637.748910224763677 ], [ 8913454.989742456004024, 1463627.417789352592081 ], [ 8913465.255196610465646, 1463627.455572391860187 ], [ 8913465.48043766990304, 1463565.468923170352355 ], [ 8913475.745869753882289, 1463565.506700751604512 ], [ 8913475.820940393954515, 1463544.844513382995501 ], [ 8913486.086365312337875, 1463544.882286646170542 ], [ 8913486.161427367478609, 1463524.220113511197269 ], [ 8913496.426845118403435, 1463524.257882456062362 ], [ 8913496.539424903690815, 1463493.264649655669928 ], [ 8913506.804831763729453, 1463493.302413997473195 ], [ 8913506.917397826910019, 1463462.309213649947196 ], [ 8913517.182793796062469, 1463462.3469733891543 ], [ 8913517.445411963388324, 1463390.029633439611644 ], [ 8913527.710782140493393, 1463390.067387437913567 ], [ 8913527.785805907100439, 1463369.405323044396937 ], [ 8913538.051168920472264, 1463369.443072725320235 ], [ 8913538.163691272959113, 1463338.450003034668043 ], [ 8913548.429043395444751, 1463338.487748112995178 ], [ 8913548.504049433395267, 1463317.825719585642219 ], [ 8913558.76939438842237, 1463317.863460346357897 ], [ 8913558.806893261149526, 1463307.532451348379254 ], [ 8913569.072234774008393, 1463307.570188077399507 ], [ 8913569.184718515723944, 1463276.577182430308312 ], [ 8913579.450049139559269, 1463276.614914557663724 ], [ 8913579.637497764080763, 1463224.959977726917714 ], [ 8913589.902810048311949, 1463224.997704682871699 ], [ 8913589.977780070155859, 1463204.335755282780156 ], [ 8913600.243085190653801, 1463204.373477921821177 ], [ 8913600.318046631291509, 1463183.711542751872912 ], [ 8913610.583344588056207, 1463183.749261075165123 ], [ 8913610.620821161195636, 1463173.418298755306751 ], [ 8913620.886115673929453, 1463173.456013045972213 ], [ 8913620.923588240519166, 1463163.125054142437875 ], [ 8913631.188879312947392, 1463163.162764401175082 ], [ 8913631.376219283789396, 1463111.508023957023397 ], [ 8913641.641492018476129, 1463111.545729045988992 ], [ 8913641.716418579220772, 1463090.883858197834343 ], [ 8913651.98168415017426, 1463090.921558970818296 ], [ 8913652.056602133437991, 1463070.259702352341264 ], [ 8913662.32186053879559, 1463070.297398809343576 ], [ 8913662.396769944578409, 1463049.635556421242654 ], [ 8913672.662021186202765, 1463049.673248562030494 ], [ 8913672.736922012642026, 1463029.01142040384002 ], [ 8913683.002166088670492, 1463029.049108228413388 ], [ 8913683.077058339491487, 1463008.387294299667701 ], [ 8913693.342295249924064, 1463008.424977808492258 ], [ 8913693.417178925126791, 1462987.763178109191358 ], [ 8913703.682408669963479, 1462987.800857302499935 ], [ 8913703.757283765822649, 1462967.139071832876652 ], [ 8913714.022506348788738, 1462967.176746710669249 ], [ 8913714.172238256782293, 1462925.85321902600117 ], [ 8913724.437446229159832, 1462925.890889020403847 ], [ 8913724.549731025472283, 1462894.898281245492399 ], [ 8913734.81492810882628, 1462894.935946641024202 ], [ 8913734.927199194207788, 1462863.943371306639165 ], [ 8913714.396827647462487, 1462863.868038473883644 ], [ 8913714.771120699122548, 1462760.559700141195208 ], [ 8913735.301417784765363, 1462760.635027293115854 ], [ 8913735.376258114352822, 1462739.973402876639739 ], [ 8913796.96711147017777, 1462740.199291003635153 ], [ 8913797.004508877173066, 1462729.868482640013099 ], [ 8913807.269648367539048, 1462729.906117263715714 ], [ 8913807.307041766121984, 1462719.575312314555049 ], [ 8913817.572177816182375, 1462719.612942908192053 ], [ 8913817.646956324577332, 1462698.95134353870526 ], [ 8913827.912085210904479, 1462698.988969818223268 ], [ 8913828.211158169433475, 1462616.342718011466786 ], [ 8913838.476257557049394, 1462616.380338274408132 ], [ 8913838.513636684045196, 1462606.049573157448322 ], [ 8913859.04382886365056, 1462606.124801876954734 ], [ 8913859.081200264394283, 1462595.794039890868589 ], [ 8913869.346293054521084, 1462595.831648347899318 ], [ 8913869.383660450577736, 1462585.500889776973054 ], [ 8913879.648749798536301, 1462585.538494203705341 ], [ 8913879.723476301878691, 1462564.876987589057535 ], [ 8913889.988558487966657, 1462564.914587702136487 ], [ 8913890.100634958595037, 1462533.922354666516185 ], [ 8913900.365706259384751, 1462533.959950182819739 ], [ 8913900.440415052697062, 1462513.298479415941983 ], [ 8913910.705479191616178, 1462513.336070619523525 ], [ 8913910.817529099062085, 1462482.34389135427773 ], [ 8913921.082582352682948, 1462482.381477961083874 ], [ 8913921.157273437827826, 1462461.720043041044846 ], [ 8913931.42231952957809, 1462461.757625334197655 ], [ 8913931.534342877566814, 1462430.765499838162214 ], [ 8913941.799378085881472, 1462430.803077535238117 ], [ 8913941.948723714798689, 1462389.480294176610187 ], [ 8913952.213744316250086, 1462389.517866994487122 ], [ 8913952.43773197568953, 1462327.533801188692451 ], [ 8913942.172733703628182, 1462327.496230071643367 ], [ 8913942.210067715495825, 1462317.165565662318841 ], [ 8913921.680079463869333, 1462317.090412757825106 ], [ 8913921.866782512515783, 1462265.437149009900168 ], [ 8913932.131757888942957, 1462265.47472591791302 ], [ 8913932.169093932956457, 1462255.144083976978436 ], [ 8913983.493956437334418, 1462255.331910917069763 ], [ 8913983.605907050892711, 1462224.340003028744832 ], [ 8913993.870869234204292, 1462224.377556330990046 ], [ 8913994.132051425054669, 1462152.06323201302439 ], [ 8914004.396987840533257, 1462152.100779587170109 ], [ 8914004.434294734150171, 1462141.770176332443953 ], [ 8914014.699227709323168, 1462141.807719878386706 ], [ 8914014.736530598253012, 1462131.477120037889108 ], [ 8914025.001460134983063, 1462131.514659555396065 ], [ 8914025.076057629659772, 1462110.853470399277285 ], [ 8914035.340980002656579, 1462110.891005605226383 ], [ 8914035.415568929165602, 1462090.229830670868978 ], [ 8914045.680484142154455, 1462090.267361565958709 ], [ 8914045.717774461954832, 1462079.936779360985383 ], [ 8914066.24759829044342, 1462080.01182934991084 ], [ 8914066.284880887717009, 1462069.68125027581118 ], [ 8914076.549789505079389, 1462069.718769369414076 ], [ 8914076.661624440923333, 1462038.727053479291499 ], [ 8914086.926522174850106, 1462038.764567979611456 ], [ 8914086.963796203956008, 1462028.43400312657468 ], [ 8914097.22869049757719, 1462028.471513598924503 ], [ 8914097.340499732643366, 1461997.479840372223407 ], [ 8914107.605383144691586, 1461997.51734625082463 ], [ 8914107.679913787171245, 1461976.856248684227467 ], [ 8914117.944790041074157, 1461976.893750251969323 ], [ 8914118.09383306466043, 1461935.571598346345127 ], [ 8914128.358694715425372, 1461935.609095037914813 ], [ 8914128.395951045677066, 1461925.278566020308062 ], [ 8914138.660809257999063, 1461925.316058684838936 ], [ 8914138.735313637182117, 1461904.655011172872037 ], [ 8914149.00016468949616, 1461904.692499527009204 ], [ 8914149.074660502374172, 1461884.031466235173866 ], [ 8914159.339504394680262, 1461884.068950279382989 ], [ 8914159.451234843581915, 1461853.077427215874195 ], [ 8914169.716067854315042, 1461853.114906667266041 ], [ 8914169.753307053819299, 1461842.784406089223921 ], [ 8914180.018136627972126, 1461842.821881513809785 ], [ 8914180.09260674379766, 1461822.160890880972147 ], [ 8914190.357429156079888, 1461822.198361996328458 ], [ 8914190.506351133808494, 1461780.876423954963684 ], [ 8914200.771158946678042, 1461780.913890194846317 ], [ 8914200.845610806718469, 1461760.252942785387859 ], [ 8914211.110411461442709, 1461760.290404715575278 ], [ 8914211.184854757040739, 1461739.629471525317058 ], [ 8914221.449648251757026, 1461739.666929145809263 ], [ 8914221.524082984775305, 1461719.006010174751282 ], [ 8914231.788869317620993, 1461719.043463486479595 ], [ 8914231.863295486196876, 1461698.38255873369053 ], [ 8914242.1280746627599, 1461698.420007736422122 ], [ 8914242.276908745989203, 1461657.098241451429203 ], [ 8914252.541673323139548, 1461657.135685579385608 ], [ 8914252.653284776955843, 1461626.144398824078962 ], [ 8914262.918038474395871, 1461626.181838361080736 ], [ 8914262.95523801073432, 1461615.851416551042348 ], [ 8914273.219988269731402, 1461615.888852062635124 ], [ 8914273.294379059225321, 1461595.228018965106457 ], [ 8914283.55912216193974, 1461595.265450167702511 ], [ 8914283.633504388853908, 1461574.604631287977099 ], [ 8914293.898240329697728, 1461574.642058182042092 ], [ 8914294.009800406172872, 1461543.65085673192516 ], [ 8914304.274525469169021, 1461543.688279035268351 ], [ 8914304.348890010267496, 1461523.027495980961248 ], [ 8914314.613607915118337, 1461523.06491397600621 ], [ 8914314.948200972750783, 1461430.091570612741634 ], [ 8914335.477570677176118, 1461430.166390290018171 ], [ 8914335.5519067235291, 1461409.505686839111149 ], [ 8914345.816584557294846, 1461409.543090499006212 ], [ 8914345.890912044793367, 1461388.882401263341308 ], [ 8914356.155582722276449, 1461388.919800615403801 ], [ 8914356.22990164719522, 1461368.259125595912337 ], [ 8914366.494565164670348, 1461368.296520640607923 ], [ 8914366.568875528872013, 1461347.635859836358577 ], [ 8914376.833531891927123, 1461347.673250573221594 ], [ 8914376.907833693549037, 1461327.012603984912857 ], [ 8914387.172482898458838, 1461327.049990414176136 ], [ 8914387.283922344446182, 1461296.059047397226095 ], [ 8914397.548560669645667, 1461296.096429237863049 ], [ 8914397.659986432641745, 1461265.105518627446145 ], [ 8914407.924613883718848, 1461265.142895878525451 ], [ 8914407.998888885602355, 1461244.482306714635342 ], [ 8914418.263509180396795, 1461244.519679659279063 ], [ 8914418.374908423051238, 1461213.528822776861489 ], [ 8914428.639517839998007, 1461213.566191133111715 ], [ 8914428.750903403386474, 1461182.575366655830294 ], [ 8914439.015501946210861, 1461182.612730422988534 ], [ 8914439.126873828470707, 1461151.621938349911943 ], [ 8914449.391461495310068, 1461151.65929752914235 ], [ 8914449.539938539266586, 1461110.338292026426643 ], [ 8914459.804511612281203, 1461110.375646335305646 ], [ 8914459.952969297766685, 1461069.054698813473806 ], [ 8914470.217527778819203, 1461069.092048252234235 ], [ 8914470.291747501119971, 1461048.431596092646942 ], [ 8914480.556298825889826, 1461048.468941225437447 ], [ 8914480.667615154758096, 1461017.478289846796542 ], [ 8914490.932155605405569, 1461017.515630391892046 ], [ 8914491.043458255007863, 1460986.525011414429173 ], [ 8914501.307987831532955, 1460986.562347371596843 ], [ 8914501.382180761545897, 1460965.90195262641646 ], [ 8914511.646703181788325, 1460965.939284278079867 ], [ 8914511.795070806518197, 1460924.618537987116724 ], [ 8914522.059578634798527, 1460924.655864770524204 ], [ 8914522.133753331378102, 1460903.995513224275783 ], [ 8914532.398254003375769, 1460904.032835701713338 ], [ 8914532.546585161238909, 1460862.712175807682797 ], [ 8914542.811071243137121, 1460862.749493416165933 ], [ 8914543.144766502082348, 1460769.778222196968272 ], [ 8914553.409219404682517, 1460769.815533528802916 ], [ 8914553.446291537955403, 1460759.485410467954352 ], [ 8914563.710741002112627, 1460759.522717776941136 ], [ 8914563.784876994788647, 1460738.86248217173852 ], [ 8914574.049319304525852, 1460738.899785175919533 ], [ 8914574.123446740210056, 1460718.239563781069592 ], [ 8914584.387881895527244, 1460718.276862480677664 ], [ 8914584.499059796333313, 1460687.286557242507115 ], [ 8914594.763484081253409, 1460687.323851356515661 ], [ 8914594.800539104267955, 1460676.993756715673953 ], [ 8914605.064959948882461, 1460677.031046806368977 ], [ 8914605.176112188026309, 1460646.040784197160974 ], [ 8914615.440522162243724, 1460646.078069702256471 ], [ 8914615.62575170956552, 1460594.427704474423081 ], [ 8914625.890143377706409, 1460594.464984831167385 ], [ 8914625.964225804433227, 1460573.804864028003067 ], [ 8914636.228610318154097, 1460573.842140081105754 ], [ 8914636.376756941899657, 1460532.521941662533209 ], [ 8914646.641126869246364, 1460532.559212849242613 ], [ 8914646.78925414942205, 1460491.239072389202192 ], [ 8914657.053609488531947, 1460491.276338709285483 ], [ 8914657.12766401655972, 1460470.616290072910488 ], [ 8914667.392012201249599, 1460470.653552090050653 ], [ 8914667.503080746158957, 1460439.663505985401571 ], [ 8914677.767418060451746, 1460439.70076341740787 ], [ 8914677.915490668267012, 1460398.380752514116466 ], [ 8914688.179813396185637, 1460398.418005080893636 ], [ 8914688.253840589895844, 1460377.758021221496165 ], [ 8914698.518156165257096, 1460377.795269486028701 ], [ 8914698.629183705896139, 1460346.805320545099676 ], [ 8914708.893488412722945, 1460346.842564224964008 ], [ 8914708.967497944831848, 1460326.182616163277999 ], [ 8914719.231795495375991, 1460326.219855540432036 ], [ 8914719.342796545475721, 1460295.229960296303034 ], [ 8914729.607083229348063, 1460295.267195089487359 ], [ 8914729.792060805484653, 1460243.617442118469626 ], [ 8914740.056329188868403, 1460243.654671765631065 ], [ 8914740.204291353002191, 1460202.334934720536694 ], [ 8914750.468545151874423, 1460202.372159503865987 ], [ 8914750.690457716584206, 1460140.392663004808128 ], [ 8914760.954689498990774, 1460140.42988236178644 ], [ 8914761.028650686144829, 1460119.770079167094082 ], [ 8914771.292875314131379, 1460119.807294222060591 ], [ 8914771.773547481745481, 1459985.518929731100798 ], [ 8914761.509371155872941, 1459985.48171833017841 ], [ 8914761.583323957398534, 1459964.822025879984722 ], [ 8914751.319155341014266, 1459964.784811302553862 ], [ 8914751.393114456906915, 1459944.125134179601446 ], [ 8914741.128953548148274, 1459944.087916424730793 ], [ 8914741.202918978407979, 1459923.428254628553987 ], [ 8914730.938765779137611, 1459923.391033697640523 ], [ 8914731.012737521901727, 1459902.731387228704989 ], [ 8914720.748592032119632, 1459902.694163120351732 ], [ 8914720.785581199452281, 1459892.364345703506842 ], [ 8914710.521439706906676, 1459892.327118138084188 ], [ 8914710.595424629747868, 1459871.667494940338656 ], [ 8914700.331290846690536, 1459871.6302641981747 ], [ 8914700.405282083898783, 1459850.970656326506287 ], [ 8914690.141156010329723, 1459850.933422408299521 ], [ 8914690.178154923021793, 1459840.603624290088192 ], [ 8914679.914032846689224, 1459840.566386914346367 ], [ 8914679.988037262111902, 1459819.906802313635126 ], [ 8914659.459808805957437, 1459819.832317470805719 ], [ 8914659.496818024665117, 1459809.502531269565225 ], [ 8914649.232707930728793, 1459809.465283521218225 ], [ 8914649.269720586016774, 1459799.135501292301342 ], [ 8914639.00561448559165, 1459799.098250086884946 ], [ 8914639.042630575597286, 1459788.768471829826012 ], [ 8914628.778528470546007, 1459788.731217167340219 ], [ 8914628.852567236870527, 1459768.071672288468108 ], [ 8914618.588472843170166, 1459768.034414450172335 ], [ 8914618.726100698113441, 1459729.634234913857654 ], [ 8914604.507153108716011, 1459721.608162548393011 ], [ 8914600.728604886680841, 1459716.320109714288265 ], [ 8914567.453208530321717, 1459716.199280016357079 ], [ 8914567.490248383954167, 1459705.869533255463466 ], [ 8914546.962107809260488, 1459705.794972357107326 ], [ 8914546.99915481172502, 1459695.465229849563912 ], [ 8914536.735088659450412, 1459695.427944074850529 ], [ 8914536.772139094769955, 1459685.098205539863557 ], [ 8914516.2440150603652, 1459685.023623338667676 ], [ 8914516.281072644516826, 1459674.693889057729393 ], [ 8914485.48889983445406, 1459674.581988563295454 ], [ 8914485.637171952053905, 1459633.263091725064442 ], [ 8914475.373129768297076, 1459633.225785210728645 ], [ 8914475.446999529376626, 1459612.642164467833936 ], [ 8914475.398716352880001, 1459612.566183008020744 ], [ 8914465.183237098157406, 1459612.529049808857962 ], [ 8914465.24047757871449, 1459596.580530320527032 ], [ 8914462.239927081391215, 1459591.858670429792255 ], [ 8914444.729331957176328, 1459591.795009957160801 ], [ 8914444.766413021832705, 1459581.465310861822218 ], [ 8914434.502390529960394, 1459581.427990805124864 ], [ 8914434.539475029334426, 1459571.098295682109892 ], [ 8914424.27545653283596, 1459571.060972169507295 ], [ 8914424.312544465065002, 1459560.731281018815935 ], [ 8914414.048529962077737, 1459560.693954049609601 ], [ 8914414.085621329024434, 1459550.364266871474683 ], [ 8914383.29359064437449, 1459550.252264382783324 ], [ 8914383.404896488413215, 1459519.26322752633132 ], [ 8914362.876899721100926, 1459519.188542203046381 ], [ 8914362.914008535444736, 1459508.858871195930988 ], [ 8914260.274078676477075, 1459508.485223133349791 ], [ 8914260.311224350705743, 1459498.15555863827467 ], [ 8914229.519262010231614, 1459498.043392179301009 ], [ 8914229.556418545544147, 1459487.713732221862301 ], [ 8914147.444561045616865, 1459487.414459461579099 ], [ 8914147.481747012585402, 1459477.084805455757305 ], [ 8913983.258145425468683, 1459476.485546809388325 ], [ 8913983.220900034531951, 1459486.815196287352592 ], [ 8913880.581148501485586, 1459486.440170892747119 ], [ 8913880.543865688145161, 1459496.769821227760985 ], [ 8913818.960006013512611, 1459496.544624876463786 ], [ 8913818.922700632363558, 1459506.874277199618518 ], [ 8913716.282919934019446, 1459506.498648087028414 ], [ 8913716.320262452587485, 1459496.168998602312058 ], [ 8913685.528344890102744, 1459496.056237832875922 ], [ 8913685.565698267892003, 1459485.726592889521271 ], [ 8913665.037762066349387, 1459485.651400923030451 ], [ 8913665.075122591108084, 1459475.321760237915441 ], [ 8913654.811158627271652, 1459475.284158932045102 ], [ 8913654.848522584885359, 1459464.954522221116349 ], [ 8913644.584562616422772, 1459464.916917461436242 ], [ 8913644.659297110512853, 1459444.257655677618459 ], [ 8913634.395344853401184, 1459444.22004774864763 ], [ 8913634.432715389877558, 1459433.89042267552577 ], [ 8913624.168767130002379, 1459433.852811292978004 ], [ 8913624.206141097471118, 1459423.523190193576738 ], [ 8913613.942196832969785, 1459423.485575358150527 ], [ 8913613.979574233293533, 1459413.155958232702687 ], [ 8913583.187754277139902, 1459413.043092152802274 ], [ 8913583.225142536684871, 1459402.713479570113122 ], [ 8913562.697271406650543, 1459402.63821739749983 ], [ 8913562.734666809439659, 1459392.308609073283151 ], [ 8913531.942873377352953, 1459392.195688636275008 ], [ 8913531.980279639363289, 1459381.866084854817018 ], [ 8913388.285329282283783, 1459381.338682038709521 ], [ 8913388.322787251323462, 1459371.009085932513699 ], [ 8913347.267112197354436, 1459370.858266004594043 ], [ 8913347.229639371857047, 1459381.187860971549526 ], [ 8913336.965717602521181, 1459381.150146360974759 ], [ 8913336.928240779787302, 1459391.479744732612744 ], [ 8913316.400390665978193, 1459391.404303729301319 ], [ 8913316.362906131893396, 1459401.733905220637098 ], [ 8913295.835049722343683, 1459401.658448697067797 ], [ 8913295.797557478770614, 1459411.988053308334202 ], [ 8913265.005763849243522, 1459411.874839636031538 ], [ 8913264.968260180205107, 1459422.204447080614045 ], [ 8913172.59286118298769, 1459421.864601669833064 ], [ 8913172.555323805660009, 1459432.194210236659274 ], [ 8913152.027453055605292, 1459432.118647350231186 ], [ 8913151.989907968789339, 1459442.448259036289528 ], [ 8913131.462030924856663, 1459442.37268062774092 ], [ 8913131.424478124827147, 1459452.702295432332903 ], [ 8913018.521133843809366, 1459452.286343805957586 ], [ 8913018.558727495372295, 1459441.95673214411363 ], [ 8912998.030857838690281, 1459441.881056558340788 ], [ 8912998.143659371882677, 1459410.892245427472517 ], [ 8912977.615813134238124, 1459410.816556606907398 ], [ 8912977.803847141563892, 1459359.168614708120003 ], [ 8912967.53994301892817, 1459359.130766121903434 ], [ 8912967.577552681788802, 1459348.80118909641169 ], [ 8912957.31365255638957, 1459348.763337058247998 ], [ 8912957.388878453522921, 1459328.104194649029523 ], [ 8912947.124986039474607, 1459328.0663394453004 ], [ 8912947.16260227560997, 1459317.736774061108008 ], [ 8912936.898713858798146, 1459317.698915407061577 ], [ 8912936.936333525925875, 1459307.369353997753933 ], [ 8912926.672449106350541, 1459307.331491891760379 ], [ 8912926.747695012018085, 1459286.672380714677274 ], [ 8912916.483818303793669, 1459286.634515443816781 ], [ 8912916.596696166321635, 1459255.645877205533907 ], [ 8912906.33283088542521, 1459255.608009056188166 ], [ 8912906.370459983125329, 1459245.278470641700551 ], [ 8912885.842737697064877, 1459245.202723704045638 ], [ 8912885.880373939871788, 1459234.873189551057294 ], [ 8912865.352660220116377, 1459234.79742823773995 ], [ 8912865.390303602442145, 1459224.467898346483707 ], [ 8912855.126450883224607, 1459224.430012370459735 ], [ 8912855.16409769281745, 1459214.100486455019563 ], [ 8912844.900248972699046, 1459214.062597028212622 ], [ 8912845.088497323915362, 1459162.415024217450991 ], [ 8912834.824667451903224, 1459162.377132485620677 ], [ 8912834.86231998167932, 1459152.047629276756197 ], [ 8912783.543193463236094, 1459151.858115996932611 ], [ 8912783.618534797802567, 1459131.199123510625213 ], [ 8912773.354717774316669, 1459131.161210217280313 ], [ 8912773.844456942752004, 1458996.878122441936284 ], [ 8912784.108225699514151, 1458996.916032010922208 ], [ 8912784.221224455162883, 1458965.927714807679877 ], [ 8912793.785121519118547, 1458965.963035250548273 ], [ 8912791.222739832475781, 1458947.55466799903661 ], [ 8912789.361177626997232, 1458924.62843601196073 ], [ 8912784.371885474771261, 1458924.610010174801573 ], [ 8912784.409550016745925, 1458914.280593237373978 ], [ 8912774.145810959860682, 1458914.242685961071402 ], [ 8912774.296481134369969, 1458872.925056241219863 ], [ 8912764.032757211476564, 1458872.887146374909207 ], [ 8912764.070427754893899, 1458862.557748452061787 ], [ 8912753.806707831099629, 1458862.519835135899484 ], [ 8912753.957402002066374, 1458821.202281473204494 ], [ 8912743.693697210401297, 1458821.164365567266941 ], [ 8912743.882077077403665, 1458769.517507903277874 ], [ 8912733.618391130119562, 1458769.479589695110917 ], [ 8912733.693748507648706, 1458748.820873018121347 ], [ 8912723.430070269852877, 1458748.782951647182927 ], [ 8912723.844556288793683, 1458635.160276755690575 ], [ 8912703.317282328382134, 1458635.084429113194346 ], [ 8912703.468025662004948, 1458593.767205711686984 ], [ 8912693.204403955489397, 1458593.729277434293181 ], [ 8912693.355157572776079, 1458552.412114179227501 ], [ 8912683.091550996527076, 1458552.374183313688263 ], [ 8912683.280005160719156, 1458500.727813644334674 ], [ 8912673.016417428851128, 1458500.689880476798862 ], [ 8912673.054111115634441, 1458490.360617891419679 ], [ 8912662.790527381002903, 1458490.322681276127696 ], [ 8912663.054401192814112, 1458418.017948424909264 ], [ 8912642.527286531403661, 1458417.942068005446345 ], [ 8912642.715796383097768, 1458366.295943732606247 ], [ 8912632.452258035540581, 1458366.257999354973435 ], [ 8912632.489962860941887, 1458355.928785848198459 ], [ 8912611.962894441559911, 1458355.852886462584138 ], [ 8912612.038318080827594, 1458335.194471656577662 ], [ 8912591.511265646666288, 1458335.118558481102809 ], [ 8912591.561100602149963, 1458321.471366190351546 ], [ 8912587.345505859702826, 1458323.153836423298344 ], [ 8912573.46126290038228, 1458298.542401715647429 ], [ 8912573.168385686352849, 1458293.733370953239501 ], [ 8912571.135117579251528, 1458293.725849588168785 ], [ 8912571.202357148751616, 1458275.315504491329193 ], [ 8912567.898626331239939, 1458273.055229811463505 ], [ 8912560.947064526379108, 1458273.029513381887227 ], [ 8912560.964299159124494, 1458268.31105093867518 ], [ 8912556.84416058845818, 1458265.492221986176446 ], [ 8912551.914112420752645, 1458252.337462913012132 ], [ 8912550.759025458246469, 1458252.333189336350188 ], [ 8912550.770159929990768, 1458249.285074191866443 ], [ 8912548.817575085908175, 1458244.075024975929409 ], [ 8912545.792297042906284, 1458231.656196386320516 ], [ 8912540.571000378578901, 1458231.636877451092005 ], [ 8912540.616117501631379, 1458219.286844775080681 ], [ 8912529.553509587422013, 1458202.888216288061813 ], [ 8912507.07884993031621, 1458184.766035296488553 ], [ 8912503.95242259465158, 1458169.525605773087591 ], [ 8912499.743544911965728, 1458169.510027284966782 ], [ 8912500.105352427810431, 1458070.503149679861963 ], [ 8912498.204574892297387, 1458066.211702791275457 ], [ 8912489.857581717893481, 1458066.180807529482991 ], [ 8912489.895581964403391, 1458055.782818095292896 ], [ 8912484.604290394112468, 1458049.673862006980926 ], [ 8912482.011942494660616, 1458045.493285180767998 ], [ 8912438.615986067801714, 1458045.332611257443205 ], [ 8912438.653752543032169, 1458035.003517484758049 ], [ 8912428.390338638797402, 1458034.965507611632347 ], [ 8912428.428108535706997, 1458024.636417812434956 ], [ 8912407.901289006695151, 1458024.560387440491468 ], [ 8912407.936571741476655, 1458014.913300991756842 ], [ 8912405.512639947235584, 1458014.222313611535355 ], [ 8912326.684475596994162, 1458013.930194286163896 ], [ 8912325.830815410241485, 1458014.203964076936245 ], [ 8912325.794022323563695, 1458024.256116604665294 ], [ 8912315.530615275725722, 1458024.218065948225558 ], [ 8912315.454993573948741, 1458044.876242905855179 ], [ 8912284.664751885458827, 1458044.762066808529198 ], [ 8912284.62692947499454, 1458055.091159952804446 ], [ 8912198.573541857302189, 1458054.771877005463466 ], [ 8912192.243280228227377, 1458058.269926334964111 ], [ 8912192.218330390751362, 1458065.077521684346721 ], [ 8912181.954912222921848, 1458065.039421337656677 ], [ 8912181.917052138596773, 1458075.368518974166363 ], [ 8912171.65363054908812, 1458075.33041460509412 ], [ 8912171.6157664693892, 1458085.659515639767051 ], [ 8912161.352341454476118, 1458085.621407249011099 ], [ 8912161.314473377540708, 1458095.950511681614444 ], [ 8912140.787616789340973, 1458095.874283122597262 ], [ 8912140.749741004779935, 1458106.203390664421022 ], [ 8912120.222878143191338, 1458106.127146592829376 ], [ 8912120.147110875695944, 1458126.785371582023799 ], [ 8912109.883672453463078, 1458126.74724336899817 ], [ 8912109.807896619662642, 1458147.405482527101412 ], [ 8912099.544451063498855, 1458147.367350002983585 ], [ 8912099.317094419151545, 1458209.342154217418283 ], [ 8912020.077418375760317, 1458209.047610838199034 ], [ 8912017.197265226393938, 1458212.331783239962533 ], [ 8912017.019742019474506, 1458260.682705769781023 ], [ 8912006.75625822879374, 1458260.644536464707926 ], [ 8912006.604542082175612, 1458301.961209680652246 ], [ 8911996.34104373678565, 1458301.923035487299785 ], [ 8911996.303110271692276, 1458312.252212718594819 ], [ 8911975.776107018813491, 1458312.175852550193667 ], [ 8911975.738165846094489, 1458322.50503289164044 ], [ 8911955.211156321689487, 1458322.428657208336517 ], [ 8911955.173207439482212, 1458332.757840659236535 ], [ 8911944.909699397161603, 1458332.719646926736459 ], [ 8911944.68197781033814, 1458394.694823319092393 ], [ 8911934.41844778880477, 1458394.656624119728804 ], [ 8911934.228653350844979, 1458446.302704391302541 ], [ 8911923.965105060487986, 1458446.264500013086945 ], [ 8911923.661389334127307, 1458528.898417866090313 ], [ 8911944.188545579090714, 1458528.974827508674935 ], [ 8911943.960791260004044, 1458590.950424227397889 ], [ 8911933.697190724313259, 1458590.91221954068169 ], [ 8911933.545333921909332, 1458632.229356613242999 ], [ 8911943.808949302881956, 1458632.267562455032021 ], [ 8911943.54321482591331, 1458704.572696324670687 ], [ 8911923.015932388603687, 1458704.496276861755177 ], [ 8911922.977961748838425, 1458714.82559587340802 ], [ 8911912.714317249134183, 1458714.787380249705166 ], [ 8911912.562416967004538, 1458756.104692018358037 ], [ 8911892.035099135711789, 1458756.028247253037989 ], [ 8911891.959132425487041, 1458776.686924108536914 ], [ 8911881.695466514676809, 1458776.648695544805378 ], [ 8911881.277588225901127, 1458890.271678765537217 ], [ 8911871.013881770893931, 1458890.233443286968395 ], [ 8911870.975887399166822, 1458900.56282723788172 ], [ 8911768.33880152925849, 1458900.180264075985178 ], [ 8911768.566986184567213, 1458838.204033042304218 ], [ 8911737.775932850316167, 1458838.089196447748691 ], [ 8911737.737891657277942, 1458848.418558198492974 ], [ 8911706.946829779073596, 1458848.303687112638727 ], [ 8911706.908777160570025, 1458858.633051683194935 ], [ 8911686.38139658793807, 1458858.556451700860634 ], [ 8911686.343336258083582, 1458868.885819380404428 ], [ 8911645.288563719019294, 1458868.732573425397277 ], [ 8911645.250488251447678, 1458879.061943635111675 ], [ 8911583.668315809220076, 1458878.831960884621367 ], [ 8911583.554020861163735, 1458909.820088427281007 ], [ 8911542.499200448393822, 1458909.666688395431265 ], [ 8911542.346743749454618, 1458950.984238784294575 ], [ 8911491.028150470927358, 1458950.792398882098496 ], [ 8911491.18068141490221, 1458909.474854293046519 ], [ 8911470.653275821357965, 1458909.398094499716535 ], [ 8911470.7295544128865, 1458888.739345495356247 ], [ 8911460.465859472751617, 1458888.700960574205965 ], [ 8911460.65656946413219, 1458837.054154056822881 ], [ 8911470.920245843008161, 1458837.092537526739761 ], [ 8911471.187201732769608, 1458764.787161269458011 ], [ 8911501.978154646232724, 1458764.902283173287287 ], [ 8911502.092526579275727, 1458733.914317485643551 ], [ 8911491.828886456787586, 1458733.8759481231682 ], [ 8911491.905140394344926, 1458713.217323350952938 ], [ 8911481.641507981345057, 1458713.178950833622366 ], [ 8911481.717768190428615, 1458692.520341391675174 ], [ 8911471.454143488779664, 1458692.481965718558058 ], [ 8911471.530409965664148, 1458671.823371607810259 ], [ 8911451.003176279366016, 1458671.746610215632245 ], [ 8911451.270151827484369, 1458599.44165104883723 ], [ 8911441.006561396643519, 1458599.403266781009734 ], [ 8911441.044703317806125, 1458589.074001939734444 ], [ 8911389.726774055510759, 1458588.882026022067294 ], [ 8911390.032047493383288, 1458506.248051648726687 ], [ 8911348.977828042581677, 1458506.094412973150611 ], [ 8911349.016000766307116, 1458495.765183930750936 ], [ 8911338.752450337633491, 1458495.726765214232728 ], [ 8911339.019677313044667, 1458423.422267187852412 ], [ 8911353.020610202103853, 1458423.474672176176682 ], [ 8911342.441876497119665, 1458380.048507193103433 ], [ 8911317.031330209225416, 1458164.908591366373003 ], [ 8911292.17220819182694, 1458123.697478757472709 ], [ 8911288.809529859572649, 1458123.684888247866184 ], [ 8911288.82996616512537, 1458118.156750075984746 ], [ 8911285.927371708676219, 1458113.344862788682804 ], [ 8911278.584302762523293, 1458113.317366980947554 ], [ 8911278.622490486130118, 1458102.98828006349504 ], [ 8911268.359083084389567, 1458102.949846246745437 ], [ 8911268.435465086251497, 1458082.291684051742777 ], [ 8911258.172065393999219, 1458082.25324708246626 ], [ 8911258.210259670391679, 1458071.924171804450452 ], [ 8911247.946863977238536, 1458071.885731392307207 ], [ 8911247.985061675310135, 1458061.556660091271624 ], [ 8911237.721669981256127, 1458061.51821623579599 ], [ 8911237.759871101006866, 1458051.18914891127497 ], [ 8911227.496483406051993, 1458051.150701612001285 ], [ 8911227.763909121975303, 1457978.847335582133383 ], [ 8911238.027270849794149, 1457978.88578084576875 ], [ 8911238.294656433165073, 1457906.582593382103369 ], [ 8911228.031320674344897, 1457906.544150153873488 ], [ 8911228.260519303381443, 1457844.570134951267391 ], [ 8911217.997206090018153, 1457844.531689734198153 ], [ 8911218.035408558323979, 1457834.202700390247628 ], [ 8911187.245481783524156, 1457834.087343211518601 ], [ 8911187.28369509242475, 1457823.758358425227925 ], [ 8911177.020390454679728, 1457823.719898856244981 ], [ 8911177.058607185259461, 1457813.390918046701699 ], [ 8911166.795306546613574, 1457813.35245503578335 ], [ 8911166.892930157482624, 1457786.96957264537923 ], [ 8911154.336798943579197, 1457785.649479368003085 ], [ 8911126.705967117100954, 1457785.832148207817227 ], [ 8911096.004998376592994, 1457786.035159255377948 ], [ 8911068.374366775155067, 1457786.217828097986057 ], [ 8911040.783780004829168, 1457792.580005967756733 ], [ 8911013.213415872305632, 1457802.031735483324155 ], [ 8910985.663274385035038, 1457814.573225227184594 ], [ 8910964.293451560661197, 1457833.253759396029636 ], [ 8910942.923728846013546, 1457851.934100380400196 ], [ 8910921.553906014189124, 1457870.614556395215914 ], [ 8910869.543482029810548, 1457898.767025966662914 ], [ 8910841.912550093606114, 1457898.949490057537332 ], [ 8910814.281618162989616, 1457899.131748672807589 ], [ 8910783.560426777228713, 1457896.244686015183106 ], [ 8910755.88914967700839, 1457890.247515733819455 ], [ 8910728.238095220178366, 1457887.340111707802862 ], [ 8910720.38660573028028, 1457885.638552585383877 ], [ 8910656.35792769305408, 1457825.903433243744075 ], [ 8910623.428820202127099, 1457739.007123288465664 ], [ 8910602.583180632442236, 1457738.928592357318848 ], [ 8910602.698446137830615, 1457707.94179842621088 ], [ 8910592.435198832303286, 1457707.903129287995398 ], [ 8910592.473623793572187, 1457697.574205640004948 ], [ 8910582.210380487143993, 1457697.535533061716706 ], [ 8910582.556225445121527, 1457604.575388682773337 ], [ 8910562.029806463047862, 1457604.498037593206391 ], [ 8910562.106672532856464, 1457583.840269433800131 ], [ 8910541.580269550904632, 1457583.762904584873468 ], [ 8910541.657149292528629, 1457563.105152334552258 ], [ 8910531.393955655395985, 1457563.066464896313846 ], [ 8910531.564958257600665, 1457517.121062958147377 ], [ 8910526.4213533308357, 1457511.402680565835908 ], [ 8910521.322993658483028, 1457511.383460506331176 ], [ 8910521.343932883813977, 1457505.757876612013206 ], [ 8910517.098957842215896, 1457501.038539402885363 ], [ 8910511.098268250003457, 1457501.015915769152343 ], [ 8910511.122915584594011, 1457494.394691605120897 ], [ 8910510.247561860829592, 1457493.421519401716068 ], [ 8910506.493234293535352, 1457490.669560676207766 ], [ 8910500.87355025857687, 1457490.648371569812298 ], [ 8910500.888765167444944, 1457486.561428785789758 ], [ 8910492.329180240631104, 1457480.287164340959862 ], [ 8910429.06986896507442, 1457480.048549378523603 ], [ 8910429.108346864581108, 1457469.719711476471275 ], [ 8910398.318876562640071, 1457469.603522707242519 ], [ 8910398.39585373736918, 1457448.945859713945538 ], [ 8910347.080112809315324, 1457448.752140052849427 ], [ 8910347.118619501590729, 1457438.423315548105165 ], [ 8910265.013478837907314, 1457438.113172369776294 ], [ 8910265.052014905959368, 1457427.784353894880041 ], [ 8910254.788877343758941, 1457427.745569496881217 ], [ 8910254.865956019610167, 1457407.087944186991081 ], [ 8910193.287181271240115, 1457406.855162948137149 ], [ 8910193.364303279668093, 1457386.197555896826088 ], [ 8910152.311822284013033, 1457386.042296114843339 ], [ 8910152.69756312854588, 1457282.754493643064052 ], [ 8910132.171398542821407, 1457282.676847234368324 ], [ 8910132.40287352912128, 1457220.704346101498231 ], [ 8910122.139813920482993, 1457220.665519062662497 ], [ 8910122.17839577049017, 1457210.336782060097903 ], [ 8910111.915340162813663, 1457210.297951583284885 ], [ 8910111.953925427049398, 1457199.969218558399007 ], [ 8910101.690873818472028, 1457199.930384643841535 ], [ 8910101.883814301341772, 1457148.286776243010536 ], [ 8910122.409880736842752, 1457148.364437402226031 ], [ 8910122.721363823860884, 1457064.971042395802215 ], [ 8910114.082256712019444, 1457045.044527661520988 ], [ 8910112.532669356092811, 1457045.038665203377604 ], [ 8910112.545884305611253, 1457041.500809579156339 ], [ 8910107.151709087193012, 1457029.058877162169665 ], [ 8910091.655304046347737, 1456993.31561217433773 ], [ 8910081.93663788959384, 1456993.27883627335541 ], [ 8910081.975228140130639, 1456982.950181479565799 ], [ 8910061.449282677844167, 1456982.872499874327332 ], [ 8910061.668721534311771, 1456924.149709136923775 ], [ 8910059.656139332801104, 1456919.507550361100584 ], [ 8910055.77238816395402, 1456910.54951487807557 ], [ 8910051.456511817872524, 1456910.533179214922711 ], [ 8910051.493335215374827, 1456900.679695929633453 ], [ 8910051.286996621638536, 1456900.203767038881779 ], [ 8910041.232168508693576, 1456900.165706987958401 ], [ 8910041.270770959556103, 1456889.837086515966803 ], [ 8909989.956082148477435, 1456889.642793138278648 ], [ 8909989.762974301353097, 1456941.285924975760281 ], [ 8909907.65933913551271, 1456940.974849816411734 ], [ 8909907.697990944609046, 1456930.64621843630448 ], [ 8909897.435041572898626, 1456930.607317548245192 ], [ 8909897.473696796223521, 1456920.278690145816654 ], [ 8909856.421917064115405, 1456920.123050463153049 ], [ 8909856.460586821660399, 1456909.794427921529859 ], [ 8909846.197646327316761, 1456909.755508968606591 ], [ 8909846.274992380291224, 1456889.098275522701442 ], [ 8909836.012059591710567, 1456889.059353428659961 ], [ 8909836.089411886408925, 1456868.402135302778333 ], [ 8909784.774789405986667, 1456868.207471819827333 ], [ 8909784.697400042787194, 1456888.864686999469995 ], [ 8909764.171538272872567, 1456888.786794315092266 ], [ 8909764.132835740223527, 1456899.115406839409843 ], [ 8909733.344034163281322, 1456898.998538948595524 ], [ 8909733.305320216342807, 1456909.327154271537438 ], [ 8909723.042383236810565, 1456909.288190552266315 ], [ 8909723.003665287047625, 1456919.616809263359755 ], [ 8909712.740724895149469, 1456919.577841518213972 ], [ 8909712.702002948150039, 1456929.90646361745894 ], [ 8909702.439059142023325, 1456929.86749184736982 ], [ 8909702.284153589978814, 1456971.182015893049538 ], [ 8909579.128672853112221, 1456970.714049497619271 ], [ 8909579.089901249855757, 1456981.042686175554991 ], [ 8909568.826942721381783, 1456981.003664430929348 ], [ 8909568.788167117163539, 1456991.332304496783763 ], [ 8909558.525205174461007, 1456991.2932787258178 ], [ 8909558.408865476027131, 1457022.279220135649666 ], [ 8909578.934811893850565, 1457022.357269717380404 ], [ 8909578.779717843979597, 1457063.671912188874558 ], [ 8909589.042706321924925, 1457063.710932564456016 ], [ 8909588.771306380629539, 1457136.011700760573149 ], [ 8909568.245277814567089, 1457135.933652144856751 ], [ 8909568.090156016871333, 1457177.248455501161516 ], [ 8909588.61621424369514, 1457177.326506478246301 ], [ 8909588.577440476045012, 1457187.655217116232961 ], [ 8909619.36654113791883, 1457187.772266483865678 ], [ 8909619.172723509371281, 1457239.415879355976358 ], [ 8909691.014098426327109, 1457239.68887427658774 ], [ 8909690.975359974429011, 1457250.017609967151657 ], [ 8909701.238418415188789, 1457250.056594610912725 ], [ 8909701.199683379381895, 1457260.385334279853851 ], [ 8909752.514998517930508, 1457260.58020299882628 ], [ 8909752.321411630138755, 1457312.223963972879574 ], [ 8909742.058329476043582, 1457312.184996218653396 ], [ 8909742.019607512280345, 1457322.513759170193225 ], [ 8909731.756521943956614, 1457322.474787389161065 ], [ 8909731.601616321131587, 1457363.789874856127426 ], [ 8909741.864716719835997, 1457363.828847816446796 ], [ 8909741.787269566208124, 1457384.486414243001491 ], [ 8909752.050377676263452, 1457384.525384061504155 ], [ 8909752.011657368391752, 1457394.854173095664009 ], [ 8909782.800994580611587, 1457394.971061043441296 ], [ 8909782.76228510402143, 1457405.29985464643687 ], [ 8909813.551636077463627, 1457405.416709890589118 ], [ 8909813.629032488912344, 1457384.759124601492658 ], [ 8909823.892142649739981, 1457384.798068296397105 ], [ 8909823.930836709216237, 1457374.469280883437023 ], [ 8909834.19394345395267, 1457374.508220552233979 ], [ 8909834.232633510604501, 1457364.179436529055238 ], [ 8909844.49573684297502, 1457364.218372171279043 ], [ 8909844.805217096582055, 1457281.588230248773471 ], [ 8909865.331365307793021, 1457281.666085626231506 ], [ 8909865.370041605085135, 1457271.337333874544129 ], [ 8909957.737689675763249, 1457271.687495710328221 ], [ 8909957.158015044406056, 1457426.619198535801843 ], [ 8909926.368629526346922, 1457426.502498266519979 ], [ 8909926.175334397703409, 1457478.146579000400379 ], [ 8909895.385895887389779, 1457478.029840727336705 ], [ 8909895.347224859520793, 1457488.358667044434696 ], [ 8909885.084075566381216, 1457488.319746528519318 ], [ 8909884.890697490423918, 1457539.963931905571371 ], [ 8909874.627529947087169, 1457539.925006184959784 ], [ 8909874.51148846372962, 1457570.911560741951689 ], [ 8909853.98513200506568, 1457570.833696337649599 ], [ 8909853.946443505585194, 1457581.162554636597633 ], [ 8909833.420080801472068, 1457581.084674713434651 ], [ 8909833.303991300985217, 1457612.071269951527938 ], [ 8909843.567183632403612, 1457612.110212662722915 ], [ 8909843.451102621853352, 1457643.096841946942732 ], [ 8909853.714306373149157, 1457643.135781808989123 ], [ 8909853.636924985796213, 1457663.793553677620366 ], [ 8909874.163348201662302, 1457663.871423383709043 ], [ 8909874.124664487317204, 1457674.200315434020013 ], [ 8909884.387880243360996, 1457674.23924498166889 ], [ 8909884.2331572920084, 1457715.554851211374626 ], [ 8909894.496388176456094, 1457715.59377820417285 ], [ 8909894.419032363221049, 1457736.251604017103091 ], [ 8909904.682270959019661, 1457736.290527866221964 ], [ 8909904.411542354151607, 1457808.593036353588104 ], [ 8909914.674807207658887, 1457808.631958530517295 ], [ 8909914.481439396739006, 1457860.276719478191808 ], [ 8909842.638461746275425, 1457860.004175542155281 ], [ 8909842.677161859348416, 1457849.67521804291755 ], [ 8909811.887329816818237, 1457849.558358385227621 ], [ 8909811.616344975307584, 1457921.861132086254656 ], [ 8909729.509931350126863, 1457921.54932556906715 ], [ 8909729.587416408583522, 1457900.891376514453441 ], [ 8909719.324123444035649, 1457900.852384489495307 ], [ 8909719.401614747941494, 1457880.194450766546652 ], [ 8909657.821907628327608, 1457879.960423758020625 ], [ 8909658.093273753300309, 1457807.657784206327051 ], [ 8909729.936084656044841, 1457807.930788197554648 ], [ 8909730.091040700674057, 1457766.615066984901205 ], [ 8909719.827795958146453, 1457766.576078793266788 ], [ 8909719.982762146741152, 1457725.260417721699923 ], [ 8909678.92984545044601, 1457725.104432345135137 ], [ 8909678.852333270013332, 1457745.762253151275218 ], [ 8909627.53615690767765, 1457745.56718449271284 ], [ 8909627.613706178963184, 1457724.909366636769846 ], [ 8909596.824026139453053, 1457724.792282418347895 ], [ 8909596.785240523517132, 1457735.121188617777079 ], [ 8909571.581896040588617, 1457735.025321909692138 ], [ 8909569.803164763376117, 1457741.109960111323744 ], [ 8909565.963366521522403, 1457743.572792238788679 ], [ 8909565.956754958257079, 1457745.332978917518631 ], [ 8909563.235204031690955, 1457745.322624913183972 ], [ 8909555.675199247896671, 1457750.171580168884248 ], [ 8909555.577118325978518, 1457776.28067981172353 ], [ 8909524.787388814613223, 1457776.163512774044648 ], [ 8909524.399245111271739, 1457879.452904188307002 ], [ 8909462.819571457803249, 1457879.218451594002545 ], [ 8909462.858409406617284, 1457868.8894976421725 ], [ 8909432.068587673828006, 1457868.772221833700314 ], [ 8909431.99088922701776, 1457889.430131649598479 ], [ 8909360.147930210456252, 1457889.156353294849396 ], [ 8909360.109054578468204, 1457899.485311660682783 ], [ 8909298.529364638030529, 1457899.250497127883136 ], [ 8909298.490466454997659, 1457909.579457403626293 ], [ 8909185.594354949891567, 1457909.148611776065081 ], [ 8909185.555415667593479, 1457919.4775724792853 ], [ 8909164.054710997268558, 1457919.395467488560826 ], [ 8909157.633554212749004, 1457937.846217776881531 ], [ 8909150.444606417790055, 1457979.652877720771357 ], [ 8909131.273945482447743, 1457999.326597176259384 ], [ 8909119.292232342064381, 1458043.592618546914309 ], [ 8909131.273945482447743, 1458073.103269314859062 ], [ 8909203.163923988118768, 1458085.399434228427708 ], [ 8909296.620946099981666, 1458114.91012846166268 ], [ 8909314.448180133476853, 1458126.552462796447799 ], [ 8909348.990352250635624, 1458126.684195246547461 ], [ 8909348.951466143131256, 1458137.013238089391962 ], [ 8909359.214833861216903, 1458137.052371316589415 ], [ 8909359.175951169803739, 1458147.381418141769245 ], [ 8909410.492812726646662, 1458147.577029751613736 ], [ 8909410.45394829288125, 1458157.906081740977243 ], [ 8909430.980702392756939, 1458157.984300839016214 ], [ 8909430.947531038895249, 1458166.801920668454841 ], [ 8909437.361519008874893, 1458168.337816977873445 ], [ 8909471.995371656492352, 1458168.469751677243039 ], [ 8909471.964707802981138, 1458176.623885245062411 ], [ 8909481.194314703345299, 1458178.833996436325833 ], [ 8909554.063625825569034, 1458179.11142508732155 ], [ 8909554.102438904345036, 1458168.782361587509513 ], [ 8909605.419365480542183, 1458168.977621426340193 ], [ 8909605.380570951849222, 1458179.306686402997002 ], [ 8909646.434132335707545, 1458179.462828242685646 ], [ 8909646.3953523542732, 1458189.791898085502908 ], [ 8909697.712329238653183, 1458189.9869928448461 ], [ 8909697.673567516729236, 1458200.31606784905307 ], [ 8909769.517373440787196, 1458200.589045745320618 ], [ 8909769.401164432987571, 1458231.576299068285152 ], [ 8909800.191404763609171, 1458231.693236236460507 ], [ 8909800.152678972110152, 1458242.02232893416658 ], [ 8909820.679514743387699, 1458242.100268964888528 ], [ 8909820.640796080231667, 1458252.429365938529372 ], [ 8909841.167640445753932, 1458252.507291621062905 ], [ 8909841.090217083692551, 1458273.165497805923223 ], [ 8909851.353647127747536, 1458273.204455635277554 ], [ 8909851.314938716590405, 1458283.533564552431926 ], [ 8909861.578372763469815, 1458283.572518941946328 ], [ 8909861.51295961253345, 1458301.029133319621906 ], [ 8909864.644297612830997, 1458304.242678231326863 ], [ 8909892.291288645938039, 1458304.347590952413157 ], [ 8909892.252594199031591, 1458314.676712106680498 ], [ 8909902.516040546819568, 1458314.715652441838756 ], [ 8909902.410092283040285, 1458342.999884872464463 ], [ 8909906.747863460332155, 1458347.45152324764058 ], [ 8909907.841088451445103, 1458356.052965023322031 ], [ 8909912.624736165627837, 1458356.071112881880254 ], [ 8909912.487862767651677, 1458392.613548996625468 ], [ 8909914.408415174111724, 1458407.724351336015388 ], [ 8909922.694771131500602, 1458407.755786146735772 ] ], [ [ 8912470.038071613758802, 1463479.138242973946035 ], [ 8912480.303446304053068, 1463479.176381896948442 ], [ 8912480.379235023632646, 1463458.514309250516817 ], [ 8912490.644602548331022, 1463458.552443849621341 ], [ 8912490.796161657199264, 1463417.228341813199222 ], [ 8912542.122929077595472, 1463417.418952833162621 ], [ 8912541.668461518362164, 1463541.391453817021102 ], [ 8912469.810676246881485, 1463541.124548005871475 ], [ 8912470.038071613758802, 1463479.138242973946035 ] ], [ [ 8912788.15146978199482, 1463511.311969030182809 ], [ 8912777.886075355112553, 1463511.273941706167534 ], [ 8912777.923862693831325, 1463500.942884104559198 ], [ 8912767.658472275361419, 1463500.904853319050744 ], [ 8912767.771843757480383, 1463469.911703579127789 ], [ 8912757.50646479986608, 1463469.873669904889539 ], [ 8912757.695430187508464, 1463418.218495784327388 ], [ 8912829.552958510816097, 1463418.48464275104925 ], [ 8912829.590724660083652, 1463408.153617022093385 ], [ 8912839.856083262711763, 1463408.191622737096623 ], [ 8912839.893845403566957, 1463397.860600422136486 ], [ 8912860.424556016921997, 1463397.936600033426657 ], [ 8912860.500064546242356, 1463377.274565358413383 ], [ 8912942.622858794406056, 1463377.578409285517409 ], [ 8912942.585134470835328, 1463387.909427063073963 ], [ 8912963.115843329578638, 1463387.985351133625954 ], [ 8912962.851817229762673, 1463460.302583198528737 ], [ 8912901.259537633508444, 1463460.074753983877599 ], [ 8912901.184054346755147, 1463480.736850158311427 ], [ 8912890.918667962774634, 1463480.698864929378033 ], [ 8912890.880922166630626, 1463491.029918281361461 ], [ 8912880.615532340481877, 1463490.991929017473012 ], [ 8912880.54003244638443, 1463511.654046250740066 ], [ 8912860.009238749742508, 1463511.578055331250653 ], [ 8912859.895964421331882, 1463542.571257218951359 ], [ 8912788.038117231801152, 1463542.305164899211377 ], [ 8912788.15146978199482, 1463511.311969030182809 ] ], [ [ 8908051.610774772241712, 1461912.756027734372765 ], [ 8908123.463614525273442, 1461913.033916218206286 ], [ 8908123.424181399866939, 1461923.364278596593067 ], [ 8908143.953574307262897, 1461923.443642207654193 ], [ 8908143.756441406905651, 1461975.095512541709468 ], [ 8908051.374015282839537, 1461974.738244872540236 ], [ 8908051.610774772241712, 1461912.756027734372765 ] ], [ [ 8910677.350972048938274, 1459712.132450898410752 ], [ 8910728.670824982225895, 1459712.325874721631408 ], [ 8910728.40181116387248, 1459784.633480115327984 ], [ 8910677.081828217953444, 1459784.440046063158661 ], [ 8910677.350972048938274, 1459712.132450898410752 ] ], [ [ 8909451.973633401095867, 1458034.114110210444778 ], [ 8909441.710300136357546, 1458034.075013543944806 ], [ 8909441.749149912968278, 1458023.746004899265245 ], [ 8909431.485820651054382, 1458023.706904794787988 ], [ 8909431.56352674216032, 1458003.048899153014645 ], [ 8909421.300205195322633, 1458003.009795906487852 ], [ 8909421.339061509817839, 1457992.680798910325393 ], [ 8909411.075743965804577, 1457992.641692226286978 ], [ 8909411.114603696390986, 1457982.312699211062863 ], [ 8909380.324663957580924, 1457982.195357643999159 ], [ 8909380.519013844430447, 1457930.550452290801331 ], [ 8909401.045602945610881, 1457930.628680777968839 ], [ 8909401.084464620798826, 1457920.299710172228515 ], [ 8909493.454096741974354, 1457920.651550901122391 ], [ 8909493.415268452838063, 1457930.980524166952819 ], [ 8909503.678566090762615, 1457931.019599210238084 ], [ 8909503.600916050374508, 1457951.677557390416041 ], [ 8909513.864221399649978, 1457951.71662929141894 ], [ 8909513.825399648398161, 1457962.045614205067977 ], [ 8909524.088709002360702, 1457962.084682668093592 ], [ 8909524.049890667200089, 1457972.413671563146636 ], [ 8909575.366460386663675, 1457972.608959352830425 ], [ 8909575.094853660091758, 1458044.911995155503973 ], [ 8909564.831513157114387, 1458044.872942997142673 ], [ 8909564.792707312852144, 1458055.201962560182437 ], [ 8909513.475990666076541, 1458055.00664428807795 ], [ 8909513.437165977433324, 1458065.335666059050709 ], [ 8909503.17381981946528, 1458065.296590908197686 ], [ 8909503.096162140369415, 1458085.954644918208942 ], [ 8909451.779398657381535, 1458085.759210201678798 ], [ 8909451.973633401095867, 1458034.114110210444778 ] ], [ [ 8909988.874584045261145, 1457178.845517371315509 ], [ 8910040.189791861921549, 1457179.039851914625615 ], [ 8910039.996735766530037, 1457230.683506752829999 ], [ 8909988.681435257196426, 1457230.489164858590811 ], [ 8909988.874584045261145, 1457178.845517371315509 ] ] ] } }
]
}
